Raw,Packaged
.class_map a Packet7,.class_map a net/minecraft/src/Packet7UseEntity
.class_map aa MaterialLogic,.class_map aa net/minecraft/src/MaterialLogic
.class_map ab CompressedStreamTools,.class_map ab net/minecraft/src/CompressedStreamTools
.class_map ac ItemPickaxe,.class_map ac net/minecraft/src/ItemPickaxe
.class_map ad TextureFX,.class_map ad net/minecraft/src/TextureFX
.class_map ae TextureCompassFX,.class_map ae net/minecraft/src/TextureCompassFX
.class_map af RenderItem,.class_map af net/minecraft/src/RenderItem
.class_map ag ItemBucket,.class_map ag net/minecraft/src/ItemBucket
.class_map ah CanvasIsomPreview,.class_map ah net/minecraft/src/CanvasIsomPreview
.class_map ai IChunkLoader,.class_map ai net/minecraft/src/IChunkLoader
.class_map aj WorldGenFlowers,.class_map aj net/minecraft/src/WorldGenFlowers
.class_map ak EntityAnimals,.class_map ak net/minecraft/src/EntityAnimals
.class_map al SoundPoolEntry,.class_map al net/minecraft/src/SoundPoolEntry
.class_map am EntityGhast,.class_map am net/minecraft/src/EntityGhast
.class_map an BlockRedstoneOre,.class_map an net/minecraft/src/BlockRedstoneOre
.class_map ao Vec3D,.class_map ao net/minecraft/src/Vec3D
.class_map ap BlockPressurePlate,.class_map ap net/minecraft/src/BlockPressurePlate
.class_map aq Render,.class_map aq net/minecraft/src/Render
.class_map ar SlotCrafting,.class_map ar net/minecraft/src/SlotCrafting
.class_map as EntityCow,.class_map as net/minecraft/src/EntityCow
.class_map at EntitySnowball,.class_map at net/minecraft/src/EntitySnowball
.class_map au ItemSoup,.class_map au net/minecraft/src/ItemSoup
.class_map av PanelCrashReport,.class_map av net/minecraft/src/PanelCrashReport
.class_map aw NoiseGenerator2,.class_map aw net/minecraft/src/NoiseGenerator2
.class_map ax CraftingInventoryCB,.class_map ax net/minecraft/src/CraftingInventoryCB
.class_map ay GuiUnused,.class_map ay net/minecraft/src/GuiUnused
.class_map az EntityFireball,.class_map az net/minecraft/src/EntityFireball
.class_map b PathPoint,.class_map b net/minecraft/src/PathPoint
.class_map ba TextureLavaFX,.class_map ba net/minecraft/src/TextureLavaFX
.class_map bb GuiGameOver,.class_map bb net/minecraft/src/GuiGameOver
.class_map bc ItemBlock,.class_map bc net/minecraft/src/ItemBlock
.class_map bd IChunkProvider,.class_map bd net/minecraft/src/IChunkProvider
.class_map be EntitySpider,.class_map be net/minecraft/src/EntitySpider
.class_map bf GuiOptions,.class_map bf net/minecraft/src/GuiOptions
.class_map bg SpawnerAnimals,.class_map bg net/minecraft/src/SpawnerAnimals
.class_map bh EntityBubbleFX,.class_map bh net/minecraft/src/EntityBubbleFX
.class_map bi StepSound,.class_map bi net/minecraft/src/StepSound
.class_map bj ItemFishingRod,.class_map bj net/minecraft/src/ItemFishingRod
.class_map bk RenderBlocks,.class_map bk net/minecraft/src/RenderBlocks
.class_map bl TileEntityMobSpawner,.class_map bl net/minecraft/src/TileEntityMobSpawner
.class_map bm OpenGlCapsChecker,.class_map bm net/minecraft/src/OpenGlCapsChecker
.class_map bn ThreadDownloadResources,.class_map bn net/minecraft/src/ThreadDownloadResources
.class_map bo BlockRedstoneTorch,.class_map bo net/minecraft/src/BlockRedstoneTorch
.class_map bp GuiScreen,.class_map bp net/minecraft/src/GuiScreen
.class_map bq EntityPlayerSP,.class_map bq net/minecraft/src/EntityPlayerSP
.class_map br BlockMobSpawner,.class_map br net/minecraft/src/BlockMobSpawner
.class_map bs NoiseGenerator,.class_map bs net/minecraft/src/NoiseGenerator
.class_map bt PathEntity,.class_map bt net/minecraft/src/PathEntity
.class_map bu Packet22Collect,.class_map bu net/minecraft/src/Packet22Collect
.class_map bv WorldGenLakes,.class_map bv net/minecraft/src/WorldGenLakes
.class_map bw WorldRenderer,.class_map bw net/minecraft/src/WorldRenderer
.class_map bx EntitySheep,.class_map bx net/minecraft/src/EntitySheep
.class_map by ItemSnowball,.class_map by net/minecraft/src/ItemSnowball
.class_map bz EffectRenderer,.class_map bz net/minecraft/src/EffectRenderer
.class_map c BlockChest,.class_map c net/minecraft/src/BlockChest
.class_map ca BlockLadder,.class_map ca net/minecraft/src/BlockLadder
.class_map cb ItemTool,.class_map cb net/minecraft/src/ItemTool
.class_map cc ClippingHelper,.class_map cc net/minecraft/src/ClippingHelper
.class_map cd CraftingRecipe,.class_map cd net/minecraft/src/CraftingRecipe
.class_map ce RenderPlayer,.class_map ce net/minecraft/src/RenderPlayer
.class_map cf RenderPainting,.class_map cf net/minecraft/src/RenderPainting
.class_map cg ModelSheep1,.class_map cg net/minecraft/src/ModelSheep1
.class_map ch EnumSkyBlock,.class_map ch net/minecraft/src/EnumSkyBlock
.class_map ci Packet51MapChunk,.class_map ci net/minecraft/src/Packet51MapChunk
.class_map cj ModelPig,.class_map cj net/minecraft/src/ModelPig
.class_map ck ModelZombie,.class_map ck net/minecraft/src/ModelZombie
.class_map cl ThreadDownloadImageData,.class_map cl net/minecraft/src/ThreadDownloadImageData
.class_map cm EntityPickupFX,.class_map cm net/minecraft/src/EntityPickupFX
.class_map cn BlockStone,.class_map cn net/minecraft/src/BlockStone
.class_map co AxisAlignedBB,.class_map co net/minecraft/src/AxisAlignedBB
.class_map cp WorldGenDungeons,.class_map cp net/minecraft/src/WorldGenDungeons
.class_map cq Packet8,.class_map cq net/minecraft/src/Packet8UpdateHealth
.class_map cr Packet13PlayerLookMove,.class_map cr net/minecraft/src/Packet13PlayerLookMove
.class_map cs ChunkCache,.class_map cs net/minecraft/src/ChunkCache
.class_map ct GuiConnectFailed,.class_map ct net/minecraft/src/GuiConnectFailed
.class_map cu ChunkProviderIso,.class_map cu net/minecraft/src/ChunkProviderIso
.class_map cv ModelBoat,.class_map cv net/minecraft/src/ModelBoat
.class_map cw BlockObsidian,.class_map cw net/minecraft/src/BlockObsidian
.class_map cx BlockPumpkin,.class_map cx net/minecraft/src/BlockPumpkin
.class_map cy World,.class_map cy net/minecraft/src/World
.class_map cz IMobs,.class_map cz net/minecraft/src/IMobs
.class_map d TexturePackBase,.class_map d net/minecraft/src/TexturePackBase
.class_map da RenderBoat,.class_map da net/minecraft/src/RenderBoat
.class_map db EntityLavaFX,.class_map db net/minecraft/src/EntityLavaFX
.class_map dc ModelBiped,.class_map dc net/minecraft/src/ModelBiped
.class_map dd BlockWorkbench,.class_map dd net/minecraft/src/BlockWorkbench
.class_map de BlockGlass,.class_map de net/minecraft/src/BlockGlass
.class_map df WorldGenMinable,.class_map df net/minecraft/src/WorldGenMinable
.class_map dg BlockJukeBox,.class_map dg net/minecraft/src/BlockJukeBox
.class_map dh EntitySkeleton,.class_map dh net/minecraft/src/EntitySkeleton
.class_map di MobSpawnerDesert,.class_map di net/minecraft/src/MobSpawnerDesert
.class_map dj GuiMainMenu,.class_map dj net/minecraft/src/GuiMainMenu
.class_map dk GuiTexturePacks,.class_map dk net/minecraft/src/GuiTexturePacks
.class_map dl MapGenBase,.class_map dl net/minecraft/src/MapGenBase
.class_map dm Pathfinder,.class_map dm net/minecraft/src/Pathfinder
.class_map dn WorldGenCactus,.class_map dn net/minecraft/src/WorldGenCactus
.class_map do CanvasMajongLogo,.class_map do net/minecraft/src/CanvasMajongLogo
.class_map dp EntityBoat,.class_map dp net/minecraft/src/EntityBoat
.class_map dq EntityCreeper,.class_map dq net/minecraft/src/EntityCreeper
.class_map dr GuiChat,.class_map dr net/minecraft/src/GuiChat
.class_map ds GLAllocation,.class_map ds net/minecraft/src/GLAllocation
.class_map dt WorldGenLightStone1,.class_map dt net/minecraft/src/WorldGenGlowstone1
.class_map du GuiDownloadTerrain,.class_map du net/minecraft/src/GuiDownloadTerrain
.class_map dv Packet28,.class_map dv net/minecraft/src/Packet28EntityVelocity
.class_map dw BlockSand,.class_map dw net/minecraft/src/BlockSand
.class_map dx Item,.class_map dx net/minecraft/src/Item
.class_map dy RenderFallingSand,.class_map dy net/minecraft/src/RenderFallingSand
.class_map dz Slot,.class_map dz net/minecraft/src/Slot
.class_map e BlockOreBlock,.class_map e net/minecraft/src/BlockOreBlock
.class_map ea Session,.class_map ea net/minecraft/src/Session
.class_map eb EntityPlayer,.class_map eb net/minecraft/src/EntityPlayer
.class_map ec RenderLiving,.class_map ec net/minecraft/src/RenderLiving
.class_map ed Packet15Place,.class_map ed net/minecraft/src/Packet15Place
.class_map ee EntityExplodeFX,.class_map ee net/minecraft/src/EntityExplodeFX
.class_map ef EntityMobs,.class_map ef net/minecraft/src/EntityMobs
.class_map eg RecipesTools,.class_map eg net/minecraft/src/RecipesTools
.class_map eh BlockBookshelf,.class_map eh net/minecraft/src/BlockBookshelf
.class_map ei WorldChunkManagerHell,.class_map ei net/minecraft/src/WorldChunkManagerHell
.class_map ej BlockSapling,.class_map ej net/minecraft/src/BlockSapling
.class_map ek Packet4UpdateTime,.class_map ek net/minecraft/src/Packet4UpdateTime
.class_map el ModelCow,.class_map el net/minecraft/src/ModelCow
.class_map em ScreenShotHelper,.class_map em net/minecraft/src/ScreenShotHelper
.class_map en CraftingManager,.class_map en net/minecraft/src/CraftingManager
.class_map eo EntityItem,.class_map eo net/minecraft/src/EntityItem
.class_map ep NBTTagByteArray,.class_map ep net/minecraft/src/NBTTagByteArray
.class_map eq Packet16BlockItemSwitch,.class_map eq net/minecraft/src/Packet16BlockItemSwitch
.class_map er GuiChest,.class_map er net/minecraft/src/GuiChest
.class_map es SoundPool,.class_map es net/minecraft/src/SoundPool
.class_map et TexturePortalFX,.class_map et net/minecraft/src/TexturePortalFX
.class_map eu ItemDoor,.class_map eu net/minecraft/src/ItemDoor
.class_map ev ColorizerGrass,.class_map ev net/minecraft/src/ColorizerGrass
.class_map ew PositionTexureVertex,.class_map ew net/minecraft/src/PositionTexureVertex
.class_map ex GuiContainer,.class_map ex net/minecraft/src/GuiContainer
.class_map ey ItemRedstone,.class_map ey net/minecraft/src/ItemRedstone
.class_map ez TextureLavaFlowFX,.class_map ez net/minecraft/src/TextureLavaFlowFX
.class_map f RenderGlobal,.class_map f net/minecraft/src/RenderGlobal
.class_map fa Packet10Flying,.class_map fa net/minecraft/src/Packet10Flying
.class_map fb RenderSnowball,.class_map fb net/minecraft/src/RenderSnowball
.class_map fc EntityCreature,.class_map fc net/minecraft/src/EntityCreature
.class_map fd NBTBase,.class_map fd net/minecraft/src/NBTBase
.class_map fe WorldGenBigTree,.class_map fe net/minecraft/src/WorldGenBigTree
.class_map ff TexturePackList,.class_map ff net/minecraft/src/TexturePackList
.class_map fg ModelCreeper,.class_map fg net/minecraft/src/ModelCreeper
.class_map fh EntityReddustFX,.class_map fh net/minecraft/src/EntityReddustFX
.class_map fi MathHelper,.class_map fi net/minecraft/src/MathHelper
.class_map fj CodecMus,.class_map fj net/minecraft/src/CodecMus
.class_map fk RenderChicken,.class_map fk net/minecraft/src/RenderChicken
.class_map fl EnumArt,.class_map fl net/minecraft/src/EnumArt
.class_map fm WorldGenReed,.class_map fm net/minecraft/src/WorldGenReed
.class_map fn CraftingInventoryWorkbenchCB,.class_map fn net/minecraft/src/CraftingInventoryWorkbenchCB
.class_map fo InventoryPlayer,.class_map fo net/minecraft/src/InventoryPlayer
.class_map fp ItemStack,.class_map fp net/minecraft/src/ItemStack
.class_map fq EntityList,.class_map fq net/minecraft/src/EntityList
.class_map fr TileEntitySpecialRenderer,.class_map fr net/minecraft/src/TileEntitySpecialRenderer
.class_map fs Packet38,.class_map fs net/minecraft/src/Packet38EntityStatus
.class_map ft ColorizerFoliage,.class_map ft net/minecraft/src/ColorizerFoliage
.class_map fu RenderEngine,.class_map fu net/minecraft/src/RenderEngine
.class_map fv Packet24MobSpawn,.class_map fv net/minecraft/src/Packet24MobSpawn
.class_map fw EnumOS1,.class_map fw net/minecraft/src/EnumOS1
.class_map fx EntitySorter,.class_map fx net/minecraft/src/EntitySorter
.class_map fy BlockBreakable,.class_map fy net/minecraft/src/BlockBreakable
.class_map fz BlockSnow,.class_map fz net/minecraft/src/BlockSnow
.class_map g RenderCreeper,.class_map g net/minecraft/src/RenderCreeper
.class_map ga TileEntityChest,.class_map ga net/minecraft/src/TileEntityChest
.class_map gb EntityFallingSand,.class_map gb net/minecraft/src/EntityFallingSand
.class_map gc Packet14BlockDig,.class_map gc net/minecraft/src/Packet14BlockDig
.class_map gd BlockFence,.class_map gd net/minecraft/src/BlockFence
.class_map ge MCHashTable,.class_map ge net/minecraft/src/MCHashTable
.class_map gf RecipesCrafting,.class_map gf net/minecraft/src/RecipesCrafting
.class_map gg MobSpawnerBase,.class_map gg net/minecraft/src/MobSpawnerBase
.class_map gh GuiButton,.class_map gh net/minecraft/src/GuiButton
.class_map gi ThreadSleepForever,.class_map gi net/minecraft/src/ThreadSleepForever
.class_map gj MinecraftImpl,.class_map gj net/minecraft/src/MinecraftImpl
.class_map gk Packet,.class_map gk net/minecraft/src/Packet
.class_map gl RenderFireball,.class_map gl net/minecraft/src/RenderFireball
.class_map gm ModelBase,.class_map gm net/minecraft/src/ModelBase
.class_map gn GameWindowListener,.class_map gn net/minecraft/src/GameWindowListener
.class_map go EnumOSMappingHelper,.class_map go net/minecraft/src/EnumOSMappingHelper
.class_map gp TextureWatchFX,.class_map gp net/minecraft/src/TextureWatchFX
.class_map gq GameSettings,.class_map gq net/minecraft/src/GameSettings
.class_map gr RecipeSorter,.class_map gr net/minecraft/src/RecipeSorter
.class_map gs ChunkProviderLoadOrGenerate,.class_map gs net/minecraft/src/ChunkProviderLoadOrGenerate
.class_map gt ItemHoe,.class_map gt net/minecraft/src/ItemHoe
.class_map gu ModelSkeleton,.class_map gu net/minecraft/src/ModelSkeleton
.class_map gv BlockDoor,.class_map gv net/minecraft/src/BlockDoor
.class_map gw Path,.class_map gw net/minecraft/src/Path
.class_map gx NBTTagEnd,.class_map gx net/minecraft/src/NBTTagEnd
.class_map gy EnumCreatureType,.class_map gy net/minecraft/src/EnumCreatureType
.class_map gz TileEntityRenderer,.class_map gz net/minecraft/src/TileEntityRenderer
.class_map h NBTTagFloat,.class_map h net/minecraft/src/NBTTagFloat
.class_map ha Chunk,.class_map ha net/minecraft/src/Chunk
.class_map hb Material,.class_map hb net/minecraft/src/Material
.class_map hc ModelGhast,.class_map hc net/minecraft/src/ModelGhast
.class_map hd GuiMultiplayer,.class_map hd net/minecraft/src/GuiMultiplayer
.class_map he MovementInputFromOptions,.class_map he net/minecraft/src/MovementInputFromOptions
.class_map hf EntityLiving,.class_map hf net/minecraft/src/EntityLiving
.class_map hg MaterialTransparent,.class_map hg net/minecraft/src/MaterialTransparent
.class_map hh ItemReed,.class_map hh net/minecraft/src/ItemReed
.class_map hi IInventory,.class_map hi net/minecraft/src/IInventory
.class_map hj EntityFish,.class_map hj net/minecraft/src/EntityFish
.class_map hk BlockLightStone,.class_map hk net/minecraft/src/BlockGlowstone
.class_map hl Packet0KeepAlive,.class_map hl net/minecraft/src/Packet0KeepAlive
.class_map hm RenderEntity,.class_map hm net/minecraft/src/RenderEntity
.class_map hn RenderArrow,.class_map hn net/minecraft/src/RenderArrow
.class_map ho RenderSorter,.class_map ho net/minecraft/src/RenderSorter
.class_map hp RenderPig,.class_map hp net/minecraft/src/RenderPig
.class_map hq NBTTagLong,.class_map hq net/minecraft/src/NBTTagLong
.class_map hr UnexpectedThrowable,.class_map hr net/minecraft/src/UnexpectedThrowable
.class_map hs Packet20NamedEntitySpawn,.class_map hs net/minecraft/src/Packet20NamedEntitySpawn
.class_map ht RenderSlime,.class_map ht net/minecraft/src/RenderSlime
.class_map hu LoadingScreenRenderer,.class_map hu net/minecraft/src/LoadingScreenRenderer
.class_map hv WorldClient,.class_map hv net/minecraft/src/WorldClient
.class_map hw Packet2Handshake,.class_map hw net/minecraft/src/Packet2Handshake
.class_map hx InventoryCrafting,.class_map hx net/minecraft/src/InventoryCrafting
.class_map hy WorldGenClay,.class_map hy net/minecraft/src/WorldGenClay
.class_map hz BlockOre,.class_map hz net/minecraft/src/BlockOre
.class_map i MinecraftAppletImpl,.class_map i net/minecraft/src/MinecraftAppletImpl
.class_map ia ModelSheep2,.class_map ia net/minecraft/src/ModelSheep2
.class_map ib NetClientHandler,.class_map ib net/minecraft/src/NetClientHandler
.class_map ic BlockGravel,.class_map ic net/minecraft/src/BlockGravel
.class_map id Packet21PickupSpawn,.class_map id net/minecraft/src/Packet21PickupSpawn
.class_map ie ImageBuffer,.class_map ie net/minecraft/src/ImageBuffer
.class_map if ChunkCoordinates,.class_map if net/minecraft/src/ChunkCoordinates
.class_map ig BlockCrops,.class_map ig net/minecraft/src/BlockCrops
.class_map ih BlockIce,.class_map ih net/minecraft/src/BlockIce
.class_map ii Packet18ArmAnimation,.class_map ii net/minecraft/src/Packet18ArmAnimation
.class_map ij ModelQuadraped,.class_map ij net/minecraft/src/ModelQuadraped
.class_map ik ModelSlime,.class_map ik net/minecraft/src/ModelSlime
.class_map il BlockLeavesBase,.class_map il net/minecraft/src/BlockLeavesBase
.class_map im ModelMinecart,.class_map im net/minecraft/src/ModelMinecart
.class_map in MusInputStream,.class_map in net/minecraft/src/MusInputStream
.class_map io Packet39,.class_map io net/minecraft/src/Packet39AttachEntity
.class_map ip EntityZombieSimple,.class_map ip net/minecraft/src/EntityZombieSimple
.class_map iq NBTTagCompound,.class_map iq net/minecraft/src/NBTTagCompound
.class_map ir BlockStationary,.class_map ir net/minecraft/src/BlockStationary
.class_map is Tessellator,.class_map is net/minecraft/src/Tessellator
.class_map it BlockSlowSand,.class_map it net/minecraft/src/BlockSoulSand
.class_map iu Packet1Login,.class_map iu net/minecraft/src/Packet1Login
.class_map iv PlayerController,.class_map iv net/minecraft/src/PlayerController
.class_map iw RecipesFood,.class_map iw net/minecraft/src/RecipesFood
.class_map ix InventoryLargeChest,.class_map ix net/minecraft/src/InventoryLargeChest
.class_map iy BlockButton,.class_map iy net/minecraft/src/BlockButton
.class_map iz TexureWaterFlowFX,.class_map iz net/minecraft/src/TexureWaterFlowFX
.class_map j CanvasMinecraftApplet,.class_map j net/minecraft/src/CanvasMinecraftApplet
.class_map ja BlockFlowing,.class_map ja net/minecraft/src/BlockFlowing
.class_map jb RenderTNTPrimed,.class_map jb net/minecraft/src/RenderTNTPrimed
.class_map jc GuiCrafting,.class_map jc net/minecraft/src/GuiCrafting
.class_map jd EntityPortalFX,.class_map jd net/minecraft/src/EntityPortalFX
.class_map je BlockCactus,.class_map je net/minecraft/src/BlockCactus
.class_map jf BlockDirt,.class_map jf net/minecraft/src/BlockDirt
.class_map jg PlayerControllerSP,.class_map jg net/minecraft/src/PlayerControllerSP
.class_map jh GuiDeleteWorld,.class_map jh net/minecraft/src/GuiDeleteWorld
.class_map ji TileEntity,.class_map ji net/minecraft/src/TileEntity
.class_map jj GuiFurnace,.class_map jj net/minecraft/src/GuiFurnace
.class_map jk Packet9,.class_map jk net/minecraft/src/Packet9Respawn
.class_map jl GuiIngameMenu,.class_map jl net/minecraft/src/GuiIngameMenu
.class_map jm TexturePackDefault,.class_map jm net/minecraft/src/TexturePackDefault
.class_map jn BlockMinecartTrack,.class_map jn net/minecraft/src/BlockMinecartTrack
.class_map jo EntitySlimeFX,.class_map jo net/minecraft/src/EntitySlimeFX
.class_map jp EnumOS2,.class_map jp net/minecraft/src/EnumOS2
.class_map jq NetworkManager,.class_map jq net/minecraft/src/NetworkManager
.class_map jr Packet3Chat,.class_map jr net/minecraft/src/Packet3Chat
.class_map js WorldGenerator,.class_map js net/minecraft/src/WorldGenerator
.class_map jt PlayerControllerTest,.class_map jt net/minecraft/src/PlayerControllerTest
.class_map ju MapGenCavesHell,.class_map ju net/minecraft/src/MapGenCavesHell
.class_map jv IWorldAccess,.class_map jv net/minecraft/src/IWorldAccess
.class_map jw RenderFish,.class_map jw net/minecraft/src/RenderFish
.class_map jx TileEntitySignRenderer,.class_map jx net/minecraft/src/TileEntitySignRenderer
.class_map jy NBTTagInt,.class_map jy net/minecraft/src/NBTTagInt
.class_map jz RenderGhast,.class_map jz net/minecraft/src/RenderGhast
.class_map k MobSpawnerHell,.class_map k net/minecraft/src/MobSpawnerHell
.class_map ka ModelRenderer,.class_map ka net/minecraft/src/ModelRenderer
.class_map kb EntityRenderer,.class_map kb net/minecraft/src/EntityRenderer
.class_map kc Timer,.class_map kc net/minecraft/src/Timer
.class_map kd Packet33RelEntityMoveLook,.class_map kd net/minecraft/src/Packet33RelEntityMoveLook
.class_map ke KeyBinding,.class_map ke net/minecraft/src/KeyBinding
.class_map kf WorldGenHellLava,.class_map kf net/minecraft/src/WorldGenHellLava
.class_map kg ItemSword,.class_map kg net/minecraft/src/ItemSword
.class_map kh GuiConflictWarning,.class_map kh net/minecraft/src/GuiConflictWarning
.class_map ki EntityDiggingFX,.class_map ki net/minecraft/src/EntityDiggingFX
.class_map kj ChunkProviderHell,.class_map kj net/minecraft/src/ChunkProviderHell
.class_map kk NBTTagByte,.class_map kk net/minecraft/src/NBTTagByte
.class_map kl ScaledResolution,.class_map kl net/minecraft/src/ScaledResolution
.class_map km BlockLeaves,.class_map km net/minecraft/src/BlockLeaves
.class_map kn GuiYesNo,.class_map kn net/minecraft/src/GuiYesNo
.class_map ko EntityFlameFX,.class_map ko net/minecraft/src/EntityFlameFX
.class_map kp EntityPainting,.class_map kp net/minecraft/src/EntityPainting
.class_map kq NextTickListEntry,.class_map kq net/minecraft/src/NextTickListEntry
.class_map kr EntityTNTPrimed,.class_map kr net/minecraft/src/EntityTNTPrimed
.class_map ks Explosion,.class_map ks net/minecraft/src/Explosion
.class_map kt ItemBow,.class_map kt net/minecraft/src/ItemBow
.class_map ku ItemRenderer,.class_map ku net/minecraft/src/ItemRenderer
.class_map kv Packet6SpawnPosition,.class_map kv net/minecraft/src/Packet6SpawnPosition
.class_map kw IsoImageBuffer,.class_map kw net/minecraft/src/IsoImageBuffer
.class_map kx SignModel,.class_map kx net/minecraft/src/SignModel
.class_map ky Packet34EntityTeleport,.class_map ky net/minecraft/src/Packet34EntityTeleport
.class_map kz BlockReed,.class_map kz net/minecraft/src/BlockReed
.class_map l RenderHelper,.class_map l net/minecraft/src/RenderHelper
.class_map la ItemSeeds,.class_map la net/minecraft/src/ItemSeeds
.class_map lb ItemMinecart,.class_map lb net/minecraft/src/ItemMinecart
.class_map lc Packet60,.class_map lc net/minecraft/src/Packet60Explosion
.class_map ld BlockFluids,.class_map ld net/minecraft/src/BlockFluids
.class_map le GuiSelectWorld,.class_map le net/minecraft/src/GuiSelectWorld
.class_map lf ImageBufferDownload,.class_map lf net/minecraft/src/ImageBufferDownload
.class_map lg EnumMobType,.class_map lg net/minecraft/src/EnumMobType
.class_map lh BlockContainer,.class_map lh net/minecraft/src/BlockContainer
.class_map li Packet29DestroyEntity,.class_map li net/minecraft/src/Packet29DestroyEntity
.class_map lj BlockClay,.class_map lj net/minecraft/src/BlockClay
.class_map lk ItemSaddle,.class_map lk net/minecraft/src/ItemSaddle
.class_map ll Packet32EntityLook,.class_map ll net/minecraft/src/Packet32EntityLook
.class_map lm ModelSpider,.class_map lm net/minecraft/src/ModelSpider
.class_map ln TextureFlamesFX,.class_map ln net/minecraft/src/TextureFlamesFX
.class_map lo MaterialLiquid,.class_map lo net/minecraft/src/MaterialLiquid
.class_map lp WorldGenLightStone2,.class_map lp net/minecraft/src/WorldGenGlowstone2
.class_map lq Packet50PreChunk,.class_map lq net/minecraft/src/Packet50PreChunk
.class_map lr LogoEffectRandomizer,.class_map lr net/minecraft/src/LogoEffectRandomizer
.class_map ls FontRenderer,.class_map ls net/minecraft/src/FontRenderer
.class_map lt TileEntityFurnace,.class_map lt net/minecraft/src/TileEntityFurnace
.class_map lu BlockRedstoneWire,.class_map lu net/minecraft/src/BlockRedstoneWire
.class_map lv EntityArrow,.class_map lv net/minecraft/src/EntityArrow
.class_map lw Entity,.class_map lw net/minecraft/src/Entity
.class_map lx MapGenCaves,.class_map lx net/minecraft/src/MapGenCaves
.class_map ly NBTTagList,.class_map ly net/minecraft/src/NBTTagList
.class_map lz Packet23VehicleSpawn,.class_map lz net/minecraft/src/Packet23VehicleSpawn
.class_map m RenderBiped,.class_map m net/minecraft/src/RenderBiped
.class_map ma Frustrum,.class_map ma net/minecraft/src/Frustrum
.class_map mb BlockStairs,.class_map mb net/minecraft/src/BlockStairs
.class_map mc MetadataChunkBlock,.class_map mc net/minecraft/src/MetadataChunkBlock
.class_map md Packet31RelEntityMove,.class_map md net/minecraft/src/Packet31RelEntityMove
.class_map me ChatLine,.class_map me net/minecraft/src/ChatLine
.class_map mf EntitySplashFX,.class_map mf net/minecraft/src/EntitySplashFX
.class_map mg ItemAxe,.class_map mg net/minecraft/src/ItemAxe
.class_map mh NBTTagDouble,.class_map mh net/minecraft/src/NBTTagDouble
.class_map mi RenderMinecart,.class_map mi net/minecraft/src/RenderMinecart
.class_map mj BlockFurnace,.class_map mj net/minecraft/src/BlockFurnace
.class_map mk ModelChicken,.class_map mk net/minecraft/src/ModelChicken
.class_map ml MobSpawnerSwamp,.class_map ml net/minecraft/src/MobSpawnerSwamp
.class_map mm RenderList,.class_map mm net/minecraft/src/RenderList
.class_map mn RenderManager,.class_map mn net/minecraft/src/RenderManager
.class_map mo NetHandler,.class_map mo net/minecraft/src/NetHandler
.class_map mp EntityClientPlayerMP,.class_map mp net/minecraft/src/EntityClientPlayerMP
.class_map mq ThreadDownloadImage,.class_map mq net/minecraft/src/ThreadDownloadImage
.class_map mr BlockMushroom,.class_map mr net/minecraft/src/BlockMushroom
.class_map ms WorldBlockPositionType,.class_map ms net/minecraft/src/WorldBlockPositionType
.class_map mt Packet17AddToInventory,.class_map mt net/minecraft/src/Packet17AddToInventory
.class_map mu ChunkLoader,.class_map mu net/minecraft/src/ChunkLoader
.class_map mv RecipesIngots,.class_map mv net/minecraft/src/RecipesIngots
.class_map mw ItemRecord,.class_map mw net/minecraft/src/ItemRecord
.class_map mx Packet53BlockChange,.class_map mx net/minecraft/src/Packet53BlockChange
.class_map my ThreadRunIsoClient,.class_map my net/minecraft/src/ThreadRunIsoClient
.class_map mz WorldIso,.class_map mz net/minecraft/src/WorldIso
.class_map n ClippingHelperImplementation,.class_map n net/minecraft/src/ClippingHelperImplementation
.class_map na SlotArmor,.class_map na net/minecraft/src/SlotArmor
.class_map nb Gui,.class_map nb net/minecraft/src/Gui
.class_map nc TexturedQuad,.class_map nc net/minecraft/src/TexturedQuad
.class_map nd OsMap,.class_map nd net/minecraft/src/OsMap
.class_map ne GuiInventory,.class_map ne net/minecraft/src/GuiInventory
.class_map nf NoiseGeneratorOctaves,.class_map nf net/minecraft/src/NoiseGeneratorOctaves
.class_map ng NoiseGeneratorOctaves2,.class_map ng net/minecraft/src/NoiseGeneratorOctaves2
.class_map nh Packet30Entity,.class_map nh net/minecraft/src/Packet30Entity
.class_map ni BlockSign,.class_map ni net/minecraft/src/BlockSign
.class_map nj NBTTagShort,.class_map nj net/minecraft/src/NBTTagShort
.class_map nk TerrainTextureManager,.class_map nk net/minecraft/src/TerrainTextureManager
.class_map nl GuiIngame,.class_map nl net/minecraft/src/GuiIngame
.class_map nm GuiControls,.class_map nm net/minecraft/src/GuiControls
.class_map nn MovementInput,.class_map nn net/minecraft/src/MovementInput
.class_map no Teleporter,.class_map no net/minecraft/src/Teleporter
.class_map np MinecraftException,.class_map np net/minecraft/src/MinecraftException
.class_map nq Block,.class_map nq net/minecraft/src/Block
.class_map nr ChunkProviderClient,.class_map nr net/minecraft/src/ChunkProviderClient
.class_map ns EntitySlime,.class_map ns net/minecraft/src/EntitySlime
.class_map nt EntityZombie,.class_map nt net/minecraft/src/EntityZombie
.class_map nu RenderCow,.class_map nu net/minecraft/src/RenderCow
.class_map nv ItemSign,.class_map nv net/minecraft/src/ItemSign
.class_map nw ItemBoat,.class_map nw net/minecraft/src/ItemBoat
.class_map nx MovingObjectPosition,.class_map nx net/minecraft/src/MovingObjectPosition
.class_map ny BlockLog,.class_map ny net/minecraft/src/BlockLog
.class_map nz Packet12PlayerLook,.class_map nz net/minecraft/src/Packet12PlayerLook
.class_map o RecipesArmor,.class_map o net/minecraft/src/RecipesArmor
.class_map oa BlockSoil,.class_map oa net/minecraft/src/BlockSoil
.class_map ob BlockTorch,.class_map ob net/minecraft/src/BlockTorch
.class_map oc MinecartTrackLogic,.class_map oc net/minecraft/src/MinecartTrackLogic
.class_map od TexturePackCustom,.class_map od net/minecraft/src/TexturePackCustom
.class_map oe TextureWaterFX,.class_map oe net/minecraft/src/TextureWaterFX
.class_map of SlotInventory,.class_map of net/minecraft/src/SlotInventory
.class_map og GuiConnecting,.class_map og net/minecraft/src/GuiConnecting
.class_map oh GuiSlider,.class_map oh net/minecraft/src/GuiSlider
.class_map oi MouseHelper,.class_map oi net/minecraft/src/MouseHelper
.class_map oj ItemArmor,.class_map oj net/minecraft/src/ItemArmor
.class_map ok BlockFlower,.class_map ok net/minecraft/src/BlockFlower
.class_map ol ItemSpade,.class_map ol net/minecraft/src/ItemSpade
.class_map om WorldProviderHell,.class_map om net/minecraft/src/WorldProviderHell
.class_map on ChunkPosition,.class_map on net/minecraft/src/ChunkPosition
.class_map oo NibbleArray,.class_map oo net/minecraft/src/NibbleArray
.class_map op EntityPig,.class_map op net/minecraft/src/EntityPig
.class_map oq InventoryCraftResult,.class_map oq net/minecraft/src/InventoryCraftResult
.class_map or HashEntry,.class_map or net/minecraft/src/HashEntry
.class_map os BlockGrass,.class_map os net/minecraft/src/BlockGrass
.class_map ot EntityFlying,.class_map ot net/minecraft/src/EntityFlying
.class_map ou EntityChicken,.class_map ou net/minecraft/src/EntityChicken
.class_map ov Packet52MultiBlockChange,.class_map ov net/minecraft/src/Packet52MultiBlockChange
.class_map ow CanvasCrashReport,.class_map ow net/minecraft/src/CanvasCrashReport
.class_map ox WorldGenPumpkin,.class_map ox net/minecraft/src/WorldGenPumpkin
.class_map oy ThreadConnectToServer,.class_map oy net/minecraft/src/ThreadConnectToServer
.class_map oz WorldProvider,.class_map oz net/minecraft/src/WorldProvider
.class_map p Packet5PlayerInventory,.class_map p net/minecraft/src/Packet5PlayerInventory
.class_map pa RecipesWeapons,.class_map pa net/minecraft/src/RecipesWeapons
.class_map pb NBTTagString,.class_map pb net/minecraft/src/NBTTagString
.class_map pc EntityRainFX,.class_map pc net/minecraft/src/EntityRainFX
.class_map pd BlockSponge,.class_map pd net/minecraft/src/BlockSponge
.class_map pe NetworkMasterThread,.class_map pe net/minecraft/src/NetworkMasterThread
.class_map pf NetworkReaderThread,.class_map pf net/minecraft/src/NetworkReaderThread
.class_map pg PlayerControllerMP,.class_map pg net/minecraft/src/PlayerControllerMP
.class_map ph NetworkWriterThread,.class_map ph net/minecraft/src/NetworkWriterThread
.class_map pi EntitySmokeFX,.class_map pi net/minecraft/src/EntitySmokeFX
.class_map pj WorldGenLiquids,.class_map pj net/minecraft/src/WorldGenLiquids
.class_map pk IBlockAccess,.class_map pk net/minecraft/src/IBlockAccess
.class_map pl BlockLever,.class_map pl net/minecraft/src/BlockLever
.class_map pm WorldGenFire,.class_map pm net/minecraft/src/WorldGenFire
.class_map pn RedstoneUpdateInfo,.class_map pn net/minecraft/src/RedstoneUpdateInfo
.class_map po WorldChunkManager,.class_map po net/minecraft/src/WorldChunkManager
.class_map pp EntityFX,.class_map pp net/minecraft/src/EntityFX
.class_map pq MinecraftError,.class_map pq net/minecraft/src/MinecraftError
.class_map pr RenderSheep,.class_map pr net/minecraft/src/RenderSheep
.class_map ps EntityOtherPlayerMP,.class_map ps net/minecraft/src/EntityOtherPlayerMP
.class_map pt EntityPigZombie,.class_map pt net/minecraft/src/EntityPigZombie
.class_map pu IProgressUpdate,.class_map pu net/minecraft/src/IProgressUpdate
.class_map pv GuiEditSign,.class_map pv net/minecraft/src/GuiEditSign
.class_map pw ItemFlintAndSteel,.class_map pw net/minecraft/src/ItemFlintAndSteel
.class_map px ChunkProviderGenerate,.class_map px net/minecraft/src/ChunkProviderGenerate
.class_map py Packet59ComplexEntity,.class_map py net/minecraft/src/Packet59ComplexEntity
.class_map pz RenderZombieSimple,.class_map pz net/minecraft/src/RenderZombieSimple
.class_map q CraftingInventoryPlayerCB,.class_map q net/minecraft/src/CraftingInventoryPlayerCB
.class_map qa WorldGenTrees,.class_map qa net/minecraft/src/WorldGenTrees
.class_map qb BlockBloodStone,.class_map qb net/minecraft/src/BlockNetherrack
.class_map qc TileEntitySign,.class_map qc net/minecraft/src/TileEntitySign
.class_map qd EntityMinecart,.class_map qd net/minecraft/src/EntityMinecart
.class_map qe ItemPainting,.class_map qe net/minecraft/src/ItemPainting
.class_map qf ICamera,.class_map qf net/minecraft/src/ICamera
.class_map qg SoundManager,.class_map qg net/minecraft/src/SoundManager
.class_map qh BlockFire,.class_map qh net/minecraft/src/BlockFire
.class_map qi Packet255KickDisconnect,.class_map qi net/minecraft/src/Packet255KickDisconnect
.class_map qj BlockStep,.class_map qj net/minecraft/src/BlockStep
.class_map qk ItemFood,.class_map qk net/minecraft/src/ItemFood
.class_map ql RenderSpider,.class_map ql net/minecraft/src/RenderSpider
.class_map qm ChunkCoordIntPair,.class_map qm net/minecraft/src/ChunkCoordIntPair
.class_map r GuiSmallButton,.class_map r net/minecraft/src/GuiSmallButton
.class_map s BlockSnowBlock,.class_map s net/minecraft/src/BlockSnowBlock
.class_map t Packet11PlayerPosition,.class_map t net/minecraft/src/Packet11PlayerPosition
.class_map u TileEntityMobSpawnerRenderer,.class_map u net/minecraft/src/TileEntityMobSpawnerRenderer
.class_map v BlockTNT,.class_map v net/minecraft/src/BlockTNT
.class_map w StepSoundSand,.class_map w net/minecraft/src/StepSoundSand
.class_map x BlockPortal,.class_map x net/minecraft/src/BlockPortal
.class_map y StepSoundStone,.class_map y net/minecraft/src/StepSoundStone
.class_map z NoiseGeneratorPerlin,.class_map z net/minecraft/src/NoiseGeneratorPerlin
