SRG,MCP,Version,Class
field_1000_j,editLine,Release 1.2.5,
field_1002_h,entitySign,Release 1.2.5,
field_1003_b,mc,Release 1.2.5,
field_1004_a,field_1004_a,Release 1.0.0,
field_1005_e,field_1005_e,Release 1.0.0,
field_1006_d,field_1006_d,Release 1.0.0,
field_1007_c,currentlyDisplayedText,Release 1.2.5,
field_1008_b,y,Release 1.2.5,
field_1009_a,x,Release 1.2.5,
field_1010_d,updateTime,Release 1.2.5,
field_1011_c,z,Release 1.2.5,
field_1012_M,entitiesWithinAABBExcludingEntity,Release 1.2.5,
field_1016_I,nbtCompoundPlayer,Beta 1.2_02,
field_1017_H,chunkProvider,Release 1.2.5,
field_1019_F,cloudColour,Release 1.2.5,
field_1024_A,unloadedEntityList,Release 1.2.5,
field_1026_y,isRemote,Release 1.2.5,
field_1029_v,sizeOnDisk,Beta 1.2_02,
field_1030_u,randomSeed,Beta 1.2_02,
field_1033_r,isNewWorld,Release 1.2.5,
field_1034_q,spawnZ,Beta 1.2_02,
field_1036_o,spawnX,Beta 1.2_02,
field_1037_n,rand,Release 1.2.5,
field_1039_l,difficultySetting,Release 1.2.5,
field_1040_k,playerEntities,Release 1.2.5,
field_1043_h,editingBlocks,Release 1.2.5,
field_1046_e,skylightSubtracted,Release 1.2.5,
field_1048_c,worldTime,Beta 1.2_02,
field_1049_b,loadedTileEntityList,Release 1.2.5,
field_1050_a,loadedEntityList,Release 1.2.5,
field_1051_z,lightingToUpdate,Beta 1.7.3,
field_1052_A,sendQueue,Release 1.2.5,
field_1053_F,entitySpawnQueue,Release 1.2.5,
field_1054_E,lockTimestamp,Release 1.2.5,
field_1055_D,entityHashSet,Release 1.2.5,
field_1056_C,scheduledTickSet,Release 1.2.5,
field_1057_z,blocksToReceive,Release 1.2.5,
field_1058_B,scheduledTickTreeSet,Release 1.2.5,
field_1059_b,chunkZ,Release 1.2.5,
field_1060_a,chunkX,Release 1.2.5,
field_1061_d,worldObj,Release 1.2.5,
field_1062_c,chunkArray,Release 1.2.5,
field_1063_a,netManager,Release 1.2.5,
field_1064_b,isInTestMode,Release 1.2.5,
field_1065_a,mc,Release 1.2.5,
field_1068_i,blockHitWait,Release 1.2.5,
field_1069_h,blockDestroySoundCounter,Release 1.2.5,
field_1070_g,prevBlockDamage,Release 1.2.5,
field_1071_f,curBlockDamage,Release 1.2.5,
field_1072_e,curBlockZ,Release 1.2.5,
field_1073_d,curBlockY,Release 1.2.5,
field_1074_c,curBlockX,Release 1.2.5,
field_1075_l,currentPlayerItem,Release 1.2.5,
field_1080_g,prevBlockDamageMP,Release 1.2.5,
field_1085_a,netManager,Release 1.2.5,
field_1086_a,netManager,Release 1.2.5,
field_1087_a,name,Release 1.2.5,
field_1088_a,data,Release 1.2.5,
field_1089_a,data,Release 1.2.5,
field_1090_b,tagType,Release 1.2.5,
field_1091_a,tagList,Release 1.2.5,
field_1092_a,data,Release 1.2.5,
field_1093_a,data,Release 1.2.5,
field_1094_a,tagMap,Release 1.2.5,
field_1095_a,data,Release 1.2.5,
field_1096_a,byteArray,Release 1.2.5,
field_1097_a,data,Release 1.2.5,
field_1098_a,data,Release 1.2.5,
field_1099_b,recipeItems,Release 1.2.5,
field_1100_a,recipePatterns,Release 1.2.5,
field_1101_b,hostName,Release 1.0.0,
field_1102_a,mc,Release 1.2.5,
field_1103_d,connectingGui,Release 1.2.5,
field_1104_c,port,Release 1.2.5,
field_1105_b,valueEntry,Release 1.2.5,
field_1106_a,hashEntry,Release 1.2.5,
field_1107_d,slotHash,Release 1.2.5,
field_1108_c,nextEntry,Release 1.2.5,
field_1109_a,data,Release 1.2.5,
field_1110_b,y,Release 1.2.5,
field_1111_a,x,Release 1.2.5,
field_1112_c,z,Release 1.2.5,
field_1113_b,deltaY,Release 1.2.5,
field_1114_a,deltaX,Release 1.2.5,
field_1115_e,field_1115_e,Release 1.0.0,
field_1116_d,cursor,Release 1.2.5,
field_1117_c,windowComponent,Release 1.2.5,
field_1118_b,inventory,Release 1.2.5,
field_1119_a,slotIndex,Release 1.2.5,
field_1120_f,yPos,Alpha 1.2.6,
field_1121_e,xPos,Alpha 1.2.6,
field_1122_c,guiHandler,Alpha 1.2.6,
field_1123_d,parent,Release 1.2.5,
field_1124_c,armorType,Release 1.2.5,
field_1125_c,craftMatrix,Release 1.2.5,
field_1126_b,iconIndex,Release 1.2.5,
field_1127_a,imageData,Release 1.2.5,
field_1128_f,tileImage,Release 1.2.5,
field_1129_e,tileSize,Release 1.2.5,
field_1130_d,textureId,Release 1.2.5,
field_1131_c,anaglyphEnabled,Release 1.2.5,
field_1132_h,field_1132_h,Release 1.0.0,
field_1133_g,field_1133_g,Release 1.0.0,
field_1134_k,tickCounter,Release 1.2.5,
field_1135_j,field_1135_j,Release 1.0.0,
field_1136_i,field_1136_i,Release 1.0.0,
field_1137_h,field_1137_h,Release 1.0.0,
field_1138_g,field_1138_g,Release 1.0.0,
field_1139_k,field_1139_k,Release 1.0.0,
field_1140_j,field_1140_j,Release 1.0.0,
field_1141_i,field_1141_i,Release 1.0.0,
field_1142_h,field_1142_h,Release 1.0.0,
field_1143_g,field_1143_g,Release 1.0.0,
field_1144_j,field_1144_j,Release 1.0.0,
field_1145_i,field_1145_i,Release 1.0.0,
field_1146_h,field_1146_h,Release 1.0.0,
field_1147_g,field_1147_g,Release 1.0.0,
field_1154_k,tickCounter,Release 1.2.5,
field_1155_j,alpha,Release 1.2.5,
field_1156_i,blue,Release 1.2.5,
field_1157_h,green,Release 1.2.5,
field_1158_g,red,Release 1.2.5,
field_1159_b,worldObj,Release 1.2.5,
field_1160_a,rail,Release 1.2.5,
field_1161_g,connectedTracks,Release 1.2.5,
field_1162_f,trackMetadata,Beta 1.4_01,
field_1163_e,trackZ,Release 1.2.5,
field_1164_d,trackY,Release 1.2.5,
field_1165_c,trackX,Release 1.2.5,
field_1166_b,blockX,Release 1.2.5,
field_1167_a,typeOfHit,Release 1.2.5,
field_1168_g,entityHit,Release 1.2.5,
field_1169_f,hitVec,Release 1.2.5,
field_1170_e,sideHit,Release 1.2.5,
field_1171_d,blockZ,Release 1.2.5,
field_1172_c,blockY,Release 1.2.5,
field_1173_b,moveForward,Release 1.2.5,
field_1174_a,moveStrafe,Release 1.2.5,
field_1175_e,sneak,Release 1.2.5,
field_1176_d,jump,Release 1.2.5,
field_1177_c,field_1177_c,Release 1.0.0,
field_1178_g,gameSettings,Release 1.2.5,
field_1179_f,movementKeyStates,Beta 1.7.3,
field_1180_b,pixels,Release 1.2.5,
field_1181_a,texCols,Release 1.2.5,
field_1182_g,textures,Release 1.2.5,
field_1183_f,yBuf,Release 1.2.5,
field_1184_e,waterBr,Release 1.2.5,
field_1185_d,waterBuf,Release 1.2.5,
field_1186_c,zBuf,Release 1.2.5,
field_1187_b,yCoord,Release 1.2.5,
field_1188_a,xCoord,Release 1.2.5,
field_1189_d,permutations,Release 1.2.5,
field_1190_c,zCoord,Release 1.2.5,
field_1191_b,octaves,Release 1.2.5,
field_1192_a,generatorCollection,Release 1.2.5,
field_1193_a,osValues,Release 1.2.5,
field_1194_b,nVertices,Release 1.2.5,
field_1195_a,vertexPositions,Release 1.2.5,
field_1196_c,invertNormal,Release 1.2.5,
field_1197_a,isoCanvas,Beta 1.7.3,
field_1198_a,recipeItems,Release 1.2.5,
field_1199_b,createIfNecessary,Release 1.0.0,
field_1200_a,saveDir,Release 1.0.0,
field_1201_b,posY,Release 1.2.5,
field_1202_a,posX,Release 1.2.5,
field_1203_g,worldClient,Release 1.0.0,
field_1204_f,metadata,Release 1.2.5,
field_1205_e,blockID,Release 1.2.5,
field_1206_d,acceptCountdown,Release 1.2.5,
field_1207_c,posZ,Release 1.2.5,
field_1208_b,rand,Release 1.2.5,
field_1209_a,field_1209_a,Release 1.0.0,
field_1210_g,field_1210_g,Release 1.0.0,
field_1211_f,worldClient,Release 1.2.5,
field_1212_e,mc,Release 1.2.5,
field_1213_d,netManager,Release 1.2.5,
field_1214_c,disconnected,Release 1.2.5,
field_1215_b,buffer,Release 1.2.5,
field_1216_a,location,Release 1.2.5,
field_1217_c,imageData,Release 1.2.5,
field_1218_p,fontRenderer,Release 1.2.5,
field_1220_n,field_1220_n,Release 1.0.0,
field_1221_m,field_1221_m,Release 1.0.0,
field_1222_l,field_1222_l,Release 1.0.0,
field_1223_k,options,Release 1.2.5,
field_12235_b,explosionY,Release 1.2.5,
field_12236_a,explosionX,Release 1.2.5,
field_12237_e,destroyedBlockPositions,Release 1.2.5,
field_12238_d,explosionSize,Release 1.2.5,
field_12239_c,explosionZ,Release 1.2.5,
field_1224_j,playerViewX,Release 1.2.5,
field_12240_bw,field_12240_bw,Alpha 1.2.6,
field_12241_e,field_12241_e,Alpha 1.2.6,
field_12242_bI,timeSinceMoved,Release 1.2.5,
field_12249_i,worldObj,Release 1.2.5,
field_1225_i,playerViewY,Release 1.2.5,
field_12250_h,explosionRNG,Release 1.2.5,
field_12251_g,destroyedBlockPositions,Release 1.2.5,
field_12252_f,explosionSize,Release 1.2.5,
field_12253_e,exploder,Release 1.2.5,
field_12254_d,explosionZ,Release 1.2.5,
field_12255_c,explosionY,Release 1.2.5,
field_12256_b,explosionX,Release 1.2.5,
field_12257_a,isFlaming,Release 1.2.5,
field_12258_e,networkSocket,Release 1.2.5,
field_12259_z,lastServer,Release 1.2.5,
field_1226_h,field_1226_h,Beta 1.2_02,
field_1227_g,worldObj,Release 1.2.5,
field_1229_e,renderEngine,Release 1.2.5,
field_1230_d,renderPosZ,Release 1.2.5,
field_1231_c,renderPosY,Release 1.2.5,
field_1232_b,renderPosX,Release 1.2.5,
field_1233_a,instance,Release 1.2.5,
field_1234_i,field_1234_i,Release 1.0.0,
field_1235_h,field_1235_h,Release 1.0.0,
field_1236_g,field_1236_g,Release 1.0.0,
field_1237_f,field_1237_f,Release 1.0.0,
field_1238_e,field_1238_e,Release 1.0.0,
field_1239_d,field_1239_d,Release 1.0.0,
field_1240_c,field_1240_c,Release 1.0.0,
field_1241_b,field_1241_b,Release 1.0.0,
field_1242_a,field_1242_a,Release 1.0.0,
field_1243_l,isRiding,Release 1.2.5,
field_1244_k,onGround,Release 1.2.5,
field_1245_m,spiderLeg8,Release 1.2.5,
field_1246_j,spiderLeg7,Release 1.2.5,
field_1247_i,spiderLeg6,Release 1.2.5,
field_1248_h,spiderLeg5,Release 1.2.5,
field_1249_g,spiderLeg4,Release 1.2.5,
field_1250_f,spiderLeg3,Release 1.2.5,
field_1251_e,spiderLeg2,Release 1.2.5,
field_1252_d,spiderLeg1,Release 1.2.5,
field_1253_c,spiderBody,Release 1.2.5,
field_1254_b,spiderNeck,Release 1.2.5,
field_1255_a,spiderHead,Release 1.2.5,
field_1256_a,sideModels,Release 1.2.5,
field_1257_b,slimeRightEye,Release 1.2.5,
field_1258_a,slimeBodies,Release 1.2.5,
field_1259_d,slimeMouth,Release 1.2.5,
field_1260_c,slimeLeftEye,Release 1.2.5,
field_1261_i,leg4,Release 1.2.5,
field_1262_h,leg3,Release 1.2.5,
field_1263_g,leg2,Release 1.2.5,
field_1264_f,leg1,Release 1.2.5,
field_1265_e,body,Release 1.2.5,
field_1266_d,head,Release 1.2.5,
field_1267_b,horn1,Beta 1.7.3,
field_1268_a,udders,Beta 1.7.3,
field_1269_c,horn2,Beta 1.7.3,
field_1270_b,unusedCreeperHeadwear,Release 1.0.0,
field_1271_a,head,Release 1.2.5,
field_1272_g,leg4,Release 1.2.5,
field_1273_f,leg3,Release 1.2.5,
field_1274_e,leg2,Release 1.2.5,
field_1275_d,leg1,Release 1.2.5,
field_1276_c,body,Release 1.2.5,
field_1277_j,isSneak,Release 1.2.5,
field_1278_i,heldItemRight,Release 1.2.5,
field_1279_h,heldItemLeft,Release 1.2.5,
field_1280_g,bipedLeftLeg,Release 1.2.5,
field_1281_f,bipedRightLeg,Release 1.2.5,
field_1282_e,bipedLeftArm,Release 1.2.5,
field_1283_d,bipedRightArm,Release 1.2.5,
field_1284_c,bipedBody,Release 1.2.5,
field_1285_b,bipedHeadwear,Release 1.2.5,
field_1286_a,bipedHead,Release 1.2.5,
field_1287_a,boatSides,Release 1.2.5,
field_1288_b,body,Release 1.2.5,
field_1289_a,head,Release 1.2.5,
field_1290_h,chin,Release 1.2.5,
field_1291_g,bill,Release 1.2.5,
field_1292_f,leftWing,Release 1.2.5,
field_1293_e,rightWing,Release 1.2.5,
field_1294_d,leftLeg,Release 1.2.5,
field_1295_c,rightLeg,Release 1.2.5,
field_1296_b,updateCounter,Release 1.2.5,
field_1297_a,message,Release 1.2.5,
field_1298_b,field_1298_b,Beta 1.7.3,
field_1299_a,field_1299_a,Beta 1.7.3,
field_1300_g,field_1300_g,Beta 1.7.3,
field_1301_f,field_1301_f,Beta 1.7.3,
field_1302_e,field_1302_e,Beta 1.7.3,
field_1303_d,field_1303_d,Beta 1.7.3,
field_1304_c,field_1304_c,Beta 1.7.3,
field_1305_b,rand,Release 1.2.5,
field_1306_a,range,Release 1.2.5,
field_1307_b,charWidth,Release 1.2.5,
field_1308_a,fontTextureName,Release 1.2.5,
field_1309_d,buffer,Release 1.0.0,
field_1310_c,fontDisplayLists,Release 1.0.0,
field_1311_b,field_1311_b,Beta 1.2_02,
field_1312_a,field_1312_a,Beta 1.2_02,
field_1313_d,mainMenu,Beta 1.2_02,
field_1314_c,field_1314_c,Beta 1.2_02,
field_1316_v,clay,Release 1.2.5,
field_1317_u,cactus,Release 1.2.5,
field_1318_t,craftedSnow,Release 1.2.5,
field_1319_s,snow,Release 1.2.5,
field_1320_r,ice,Release 1.2.5,
field_1322_p,tnt,Release 1.2.5,
field_1324_n,circuits,Release 1.2.5,
field_1325_m,sand,Release 1.2.5,
field_1326_l,fire,Release 1.2.5,
field_1328_j,sponge,Release 1.2.5,
field_1329_i,plants,Release 1.2.5,
field_1331_g,lava,Release 1.2.5,
field_1332_f,water,Release 1.2.5,
field_1333_e,iron,Release 1.2.5,
field_1334_d,rock,Release 1.2.5,
field_1335_c,wood,Release 1.2.5,
field_1336_b,ground,Release 1.2.5,
field_1337_a,air,Release 1.2.5,
field_1340_d,allMobTypes,Release 1.0.0,
field_1342_b,imageWidth,Release 1.2.5,
field_1343_a,imageData,Release 1.2.5,
field_1344_c,imageHeight,Release 1.2.5,
field_1345_b,signStick,Release 1.2.5,
field_1346_a,signBoard,Release 1.2.5,
field_1347_b,level,Release 1.2.5,
field_1348_a,image,Release 1.2.5,
field_1349_h,addedToRenderQueue,Release 1.2.5,
field_1350_g,lastVisible,Release 1.2.5,
field_1351_f,noContent,Release 1.2.5,
field_1352_e,rendered,Release 1.2.5,
field_1353_d,y,Release 1.2.5,
field_1354_c,x,Release 1.2.5,
field_1356_a,mc,Release 1.2.5,
field_1357_e,renderBlocksInstance,Release 1.2.5,
field_1360_b,yCoord,Release 1.2.5,
field_1361_a,xCoord,Release 1.2.5,
field_1362_g,tickEntryID,Release 1.2.5,
field_1363_f,nextTickEntryID,Release 1.2.5,
field_1364_e,scheduledTime,Release 1.2.5,
field_1365_d,blockID,Release 1.2.5,
field_1366_c,zCoord,Release 1.2.5,
field_1367_b,scaledWidth,Release 1.2.5,
field_1368_a,scaleFactor,Release 1.2.5,
field_1369_c,scaledHeight,Release 1.2.5,
field_1370_b,keyCode,Release 1.2.5,
field_1371_a,keyDescription,Release 1.2.5,
field_1372_i,timeSyncAdjustment,Release 1.2.5,
field_1373_h,lastSyncHRClock,Release 1.2.5,
field_1374_g,lastSyncSysClock,Release 1.2.5,
field_1375_f,lastHRTime,Release 1.2.5,
field_1376_e,elapsedPartialTicks,Release 1.2.5,
field_1377_d,timerSpeed,Release 1.2.5,
field_1378_c,renderPartialTicks,Release 1.2.5,
field_1379_b,elapsedTicks,Release 1.2.5,
field_1380_a,ticksPerSecond,Release 1.2.5,
field_1381_o,fogColor1,Release 1.2.5,
field_1382_n,fogColor2,Release 1.2.5,
field_1383_m,random,Release 1.2.5,
field_1384_l,prevFrameTime,Release 1.2.5,
field_1385_k,pointedEntity,Release 1.2.5,
field_1386_j,rendererUpdateCount,Release 1.2.5,
field_1387_i,farPlaneDistance,Release 1.2.5,
field_1388_h,mc,Release 1.2.5,
field_1392_d,fogColorBuffer,Release 1.2.5,
field_1393_c,unusedVolatile1,Release 1.0.0,
field_1394_b,unusedVolatile0,Release 1.0.0,
field_1395_a,itemRenderer,Release 1.2.5,
field_1396_o,displayList,Release 1.2.5,
field_1397_n,compiled,Release 1.2.5,
field_1398_m,textureOffsetY,Release 1.2.5,
field_1399_l,textureOffsetX,Release 1.2.5,
field_1400_k,faces,Beta 1.7.3,
field_1401_j,corners,Beta 1.7.3,
field_1402_i,isHidden,Release 1.2.5,
field_1403_h,showModel,Release 1.2.5,
field_1404_g,mirror,Release 1.2.5,
field_1405_f,rotateAngleZ,Release 1.2.5,
field_1406_e,rotateAngleY,Release 1.2.5,
field_1407_d,rotateAngleX,Release 1.2.5,
field_1408_c,rotationPointZ,Release 1.2.5,
field_1409_b,rotationPointY,Release 1.2.5,
field_1410_a,rotationPointX,Release 1.2.5,
field_1412_b,entityHashMap,Release 1.2.5,
field_1413_b,modelSign,Release 1.2.5,
field_1414_S,allRenderLists,Release 1.2.5,
field_1415_R,glRenderLists,Release 1.2.5,
field_1416_Q,renderersSkippingRenderPass,Release 1.2.5,
field_1417_P,renderersBeingRendered,Release 1.2.5,
field_1418_O,renderersBeingOccluded,Release 1.2.5,
field_1419_N,renderersBeingClipped,Release 1.2.5,
field_1420_M,renderersLoaded,Release 1.2.5,
field_1421_L,countEntitiesHidden,Release 1.2.5,
field_1422_K,countEntitiesRendered,Release 1.2.5,
field_1423_J,countEntitiesTotal,Release 1.2.5,
field_1424_I,renderEntitiesStartupCounter,Release 1.2.5,
field_1425_H,renderDistance,Release 1.2.5,
field_1426_G,maxBlockZ,Release 1.2.5,
field_1427_F,maxBlockY,Release 1.2.5,
field_1428_E,maxBlockX,Release 1.2.5,
field_1429_D,minBlockZ,Release 1.2.5,
field_1430_C,minBlockY,Release 1.2.5,
field_1431_B,minBlockX,Release 1.2.5,
field_1432_A,glSkyList2,Release 1.2.5,
field_1433_z,glSkyList,Release 1.2.5,
field_1434_y,starGLCallList,Release 1.2.5,
field_1435_x,cloudOffsetX,Release 1.2.5,
field_1436_w,occlusionEnabled,Release 1.2.5,
field_1437_v,glOcclusionQueryBase,Release 1.2.5,
field_1438_u,globalRenderBlocks,Release 1.2.5,
field_1439_t,mc,Release 1.2.5,
field_1440_s,glRenderListBase,Release 1.2.5,
field_1441_r,renderChunksDeep,Release 1.2.5,
field_1442_q,renderChunksTall,Release 1.2.5,
field_1443_p,renderChunksWide,Release 1.2.5,
field_1444_o,worldRenderers,Release 1.2.5,
field_1445_n,sortedWorldRenderers,Release 1.2.5,
field_1446_m,worldRenderersToUpdate,Release 1.2.5,
field_1447_l,renderEngine,Release 1.2.5,
field_1448_k,worldObj,Release 1.2.5,
field_1449_j,frustumCheckOffset,Release 1.2.5,
field_1450_i,damagePartialTime,Release 1.2.5,
field_1451_h,prevSortZ,Release 1.2.5,
field_1452_g,prevSortY,Release 1.2.5,
field_1453_f,prevSortX,Release 1.2.5,
field_1454_e,glDummyList,Beta 1.7.3,
field_1455_d,dummyInt0,Beta 1.7.3,
field_1456_c,occlusionResult,Release 1.2.5,
field_1457_b,dummyBuf50k,Release 1.2.5,
field_1458_a,tileEntities,Release 1.2.5,
field_1459_t,chunkDataSendCounter,Release 1.2.5,
field_1460_s,sendQueueByteLength,Release 1.2.5,
field_1461_r,timeSinceLastRead,Release 1.2.5,
field_1462_q,terminationReason,Release 1.2.5,
field_1463_p,isTerminating,Release 1.2.5,
field_1464_o,readThread,Release 1.2.5,
field_1465_n,writeThread,Release 1.2.5,
field_1466_m,isServerTerminating,Release 1.2.5,
field_1467_l,netHandler,Release 1.2.5,
field_1468_k,chunkDataPackets,Release 1.2.5,
field_1469_j,dataPackets,Release 1.2.5,
field_1470_i,readPackets,Release 1.2.5,
field_1471_h,isRunning,Release 1.2.5,
field_1472_g,socketOutputStream,Release 1.2.5,
field_1473_f,socketInputStream,Release 1.2.5,
field_1474_e,remoteSocketAddress,Release 1.2.5,
field_1475_d,sendQueueLock,Release 1.2.5,
field_1476_c,numWriteThreads,Release 1.2.5,
field_1477_b,numReadThreads,Release 1.2.5,
field_1478_a,threadSyncObject,Release 1.2.5,
field_1485_z,vboIndex,Release 1.2.5,
field_1486_y,vertexBuffers,Release 1.2.5,
field_1487_x,useVBO,Release 1.2.5,
field_1488_w,isDrawing,Release 1.2.5,
field_1489_v,normal,Release 1.2.5,
field_1490_u,zOffset,Release 1.2.5,
field_1491_t,yOffset,Release 1.2.5,
field_1492_s,xOffset,Release 1.2.5,
field_1493_r,drawMode,Release 1.2.5,
field_1494_B,bufferSize,Release 1.2.5,
field_1495_q,isColorDisabled,Release 1.2.5,
field_1496_A,vboCount,Release 1.2.5,
field_1497_p,addedVertices,Release 1.2.5,
field_1498_o,rawBufferIndex,Release 1.2.5,
field_1499_n,hasNormals,Release 1.2.5,
field_1500_m,hasTexture,Release 1.2.5,
field_1501_l,hasColor,Release 1.2.5,
field_1502_k,color,Release 1.2.5,
field_1503_j,textureV,Release 1.2.5,
field_1504_i,textureU,Release 1.2.5,
field_1505_h,vertexCount,Release 1.2.5,
field_1506_g,rawBuffer,Release 1.2.5,
field_1507_f,floatBuffer,Release 1.2.5,
field_1508_e,intBuffer,Release 1.2.5,
field_1509_d,byteBuffer,Release 1.2.5,
field_1510_c,tryVBO,Release 1.2.5,
field_1511_b,convertQuadsToTriangles,Release 1.2.5,
field_1512_a,instance,Release 1.2.5,
field_1513_b,codec,Release 1.2.5,
field_1514_a,buffer,Release 1.2.5,
field_1515_d,inputStream,Release 1.2.5,
field_1516_c,hash,Release 1.2.5,
field_1517_b,field_1517_b,Beta 1.2_02,
field_1518_a,field_1518_a,Beta 1.2_02,
field_1522_s,lastSaveTime,Release 1.2.5,
field_1523_r,hasEntities,Release 1.2.5,
field_15231_a,field_15231_a,Alpha 1.2.6,
field_15235_a,blockIndex,Release 1.2.5,
field_1524_q,field_1524_q,Alpha 1.2.6,
field_1525_p,neverSave,Release 1.0.0,
field_1526_o,isModified,Release 1.2.5,
field_1527_n,isTerrainPopulated,Release 1.2.5,
field_1528_m,entities,Release 1.0.0,
field_1529_l,chunkTileEntityMap,Release 1.2.5,
field_1530_k,zPosition,Release 1.2.5,
field_1531_j,xPosition,Release 1.2.5,
field_1532_i,lowestBlockHeight,Release 1.0.0,
field_1533_h,heightMap,Release 1.0.0,
field_1534_g,blocklightMap,Release 1.0.0,
field_1535_f,skylightMap,Release 1.0.0,
field_1536_e,data,Release 1.0.0,
field_1537_d,worldObj,Release 1.2.5,
field_1538_c,isChunkLoaded,Release 1.2.5,
field_1539_b,blocks,Release 1.0.0,
field_1540_a,isLit,Release 1.2.5,
field_1541_n,fontRenderer,Release 1.2.5,
field_1543_l,playerZ,Release 1.2.5,
field_1544_k,playerY,Release 1.2.5,
field_1545_j,playerX,Release 1.2.5,
field_1546_i,playerPitch,Beta 1.2_02,
field_1547_h,playerYaw,Beta 1.2_02,
field_1548_g,entityPlayer,Beta 1.2_02,
field_1549_f,worldObj,Release 1.2.5,
field_1550_e,renderEngine,Release 1.2.5,
field_1551_d,staticPlayerZ,Release 1.2.5,
field_1552_c,staticPlayerY,Release 1.2.5,
field_1553_b,staticPlayerX,Release 1.2.5,
field_1554_a,instance,Release 1.2.5,
field_1555_b,count,Release 1.2.5,
field_1556_a,pathPoints,Release 1.2.5,
field_1557_a,craftingManager,Release 1.2.5,
field_1558_z,DIFFICULTY_LEVELS,Alpha 1.2.6,
field_1559_y,RENDER_DISTANCES,Alpha 1.2.6,
field_1560_x,thirdPersonView,Release 1.2.5,
field_1561_w,difficulty,Release 1.2.5,
field_1562_v,numberOfOptions,Alpha 1.2.6,
field_1563_u,mc,Release 1.2.5,
field_1564_t,keyBindings,Release 1.2.5,
field_1565_s,keyBindSneak,Release 1.2.5,
field_1570_o,keyBindInventory,Release 1.2.5,
field_1571_n,keyBindJump,Release 1.2.5,
field_1572_m,keyBindRight,Release 1.2.5,
field_1573_l,keyBindBack,Release 1.2.5,
field_1574_k,keyBindLeft,Release 1.2.5,
field_1575_j,keyBindForward,Release 1.2.5,
field_1576_i,fancyGraphics,Release 1.2.5,
field_1577_h,limitFramerate,Release 1.2.5,
field_1578_g,anaglyph,Release 1.2.5,
field_1579_f,viewBobbing,Release 1.2.5,
field_1580_e,renderDistance,Release 1.2.5,
field_1581_d,invertMouse,Release 1.2.5,
field_1582_c,mouseSensitivity,Release 1.2.5,
field_1583_b,soundVolume,Release 1.2.5,
field_1584_a,musicVolume,Release 1.2.5,
field_1585_a,enumOSMappingArray,Release 1.2.5,
field_1586_b,mcThread,Release 1.2.5,
field_1587_a,mc,Release 1.2.5,
field_1588_a,mc,Release 1.2.5,
field_1589_b,count,Release 1.2.5,
field_1590_a,slots,Release 1.2.5,
field_1591_e,versionStamp,Release 1.2.5,
field_1592_d,growFactor,Release 1.2.5,
field_1593_c,threshold,Release 1.2.5,
field_1594_a,entityForSorting,Beta 1.4_01,
field_1602_h,options,Release 1.2.5,
field_1603_g,urlToImageDataMap,Release 1.2.5,
field_1604_f,textureList,Release 1.2.5,
field_1605_e,imageData,Release 1.2.5,
field_1606_d,singleIntBuffer,Release 1.2.5,
field_1607_c,textureNameToImageMap,Release 1.2.5,
field_1609_a,useMipmaps,Release 1.2.5,
field_1610_b,classToStringMapping,Release 1.2.5,
field_1611_a,stringToClassMapping,Release 1.2.5,
field_1612_d,classToIDMapping,Release 1.2.5,
field_1613_c,IDtoClassMapping,Release 1.2.5,
field_1614_b,animationsToGo,Release 1.2.5,
field_1615_a,stackSize,Release 1.2.5,
field_1616_d,itemDamage,Release 1.2.5,
field_1617_c,itemID,Release 1.2.5,
field_1618_c,crafters,Alpha 1.2.6*,
field_1619_b,craftResult,Release 1.2.5,
field_1620_a,craftMatrix,Release 1.2.5,
field_1621_b,craftResult,Release 1.2.5,
field_1622_a,craftMatrix,Release 1.2.5,
field_1623_z,sizeX,Release 1.2.5,
field_1624_y,title,Release 1.2.5,
field_1630_D,allArt,Release 1.0.0,
field_1632_C,offsetY,Release 1.2.5,
field_1634_B,offsetX,Release 1.2.5,
field_1636_A,sizeY,Release 1.2.5,
field_1653_a,SIN_TABLE,Release 1.2.5,
field_1654_b,texturePositionX,Release 1.2.5,
field_1655_a,vector3D,Release 1.2.5,
field_1656_c,texturePositionY,Release 1.2.5,
field_1657_b,isGetRandomSound,Release 1.2.5,
field_1658_a,numberOfSoundPoolEntries,Release 1.2.5,
field_1659_e,allSoundPoolEntries,Release 1.2.5,
field_1660_d,nameToSoundPoolEntriesMapping,Release 1.2.5,
field_1661_c,rand,Release 1.2.5,
field_1662_b,recipes,Release 1.2.5,
field_1664_b,recipeItems,Release 1.2.5,
field_1665_a,recipePatterns,Release 1.2.5,
field_1666_b,username,Release 1.2.5,
field_1667_a,registeredBlocksList,Release 1.2.5,
field_1670_b,textureNames,Release 1.2.5,
field_1671_a,displayLists,Release 1.2.5,
field_1672_a,logo,Release 1.2.5,
field_1673_b,path,Release 1.2.5,
field_1674_a,worldMap,Release 1.2.5,
field_1675_d,pathOptions,Release 1.2.5,
field_1676_c,pointMap,Release 1.2.5,
field_1677_b,stepSoundVolume,Release 1.2.5,
field_1678_a,stepSoundName,Release 1.2.5,
field_1679_c,stepSoundPitch,Release 1.2.5,
field_1680_b,recipeItems,Release 1.2.5,
field_1681_a,recipePatterns,Release 1.2.5,
field_1687_b,projectionMatrix,Release 1.2.5,
field_1688_a,frustum,Release 1.2.5,
field_1689_d,clippingMatrix,Release 1.2.5,
field_1690_c,modelviewMatrix,Release 1.2.5,
field_1691_h,field_1691_h,Release 1.0.0,
field_1692_g,modelviewMatrixBuffer,Release 1.2.5,
field_1693_f,projectionMatrixBuffer,Release 1.2.5,
field_1694_e,instance,Release 1.2.5,
field_1695_a,colorBuffer,Release 1.2.5,
field_1696_a,mcApplet,Release 1.2.5,
field_1697_b,minY,Release 1.2.5,AxisAlignedBB
field_1698_a,minX,Release 1.2.5,AxisAlignedBB
field_1699_h,numBoundingBoxesInUse,Release 1.2.5,AxisAlignedBB
field_1700_g,boundingBoxes,Release 1.2.5,AxisAlignedBB
field_1701_f,maxZ,Release 1.2.5,AxisAlignedBB
field_1702_e,maxY,Release 1.2.5,AxisAlignedBB
field_1703_d,maxX,Release 1.2.5,AxisAlignedBB
field_1704_c,minZ,Release 1.2.5,AxisAlignedBB
field_1705_b,referenceCount,Release 1.2.5,
field_1706_a,image,Release 1.2.5,
field_1707_d,textureSetupComplete,Release 1.2.5,
field_1708_c,textureName,Release 1.2.5,
field_1709_j,isFirst,Release 1.2.5,
field_1710_i,previous,Release 1.2.5,
field_1711_h,distanceToTarget,Release 1.2.5,
field_1712_g,distanceToNext,Release 1.2.5,
field_1713_f,totalPathDistance,Release 1.2.5,
field_1714_e,index,Release 1.2.5,
field_1715_d,hash,Release 1.2.5,
field_1716_c,zCoord,Release 1.2.5,
field_1717_b,yCoord,Release 1.2.5,
field_1718_a,xCoord,Release 1.2.5,
field_1721_d,allSkyBlocks,Release 1.0.0,
field_1722_c,defaultLightValue,Release 1.2.5,
field_1723_b,width,Alpha 1.2.6,
field_1724_a,resultId,Alpha 1.2.6,
field_1725_e,resultStack,Alpha 1.2.6,
field_1726_d,ingredientMap,Alpha 1.2.6,
field_1727_c,height,Alpha 1.2.6,
field_1728_b,fxLayers,Release 1.2.5,
field_1729_a,worldObj,Release 1.2.5,
field_1730_d,rand,Release 1.2.5,
field_1731_c,renderer,Release 1.2.5,
field_1732_z,glOcclusionQuery,Release 1.2.5,
field_1733_y,isWaitingOnOcclusionQuery,Release 1.2.5,
field_1734_x,isVisible,Release 1.2.5,
field_1735_w,chunkIndex,Release 1.2.5,
field_1736_v,rendererBoundingBox,Release 1.2.5,
field_1737_F,tileEntities,Release 1.2.5,
field_1738_u,needsUpdate,Release 1.2.5,
field_1739_E,isInitialized,Release 1.2.5,
field_1740_t,rendererRadius,Release 1.0.0,
field_1741_s,posZPlus,Release 1.2.5,
field_1742_D,tessellator,Release 1.2.5,
field_1743_r,posYPlus,Release 1.2.5,
field_1744_C,glRenderList,Release 1.2.5,
field_1745_B,tileEntityRenderers,Release 1.2.5,
field_1746_q,posXPlus,Release 1.2.5,
field_1747_A,isChunkLit,Release 1.2.5,
field_1748_p,skipRenderPass,Release 1.2.5,
field_1749_o,isInFrustum,Release 1.2.5,
field_1750_n,posZClip,Release 1.2.5,
field_1751_m,posYClip,Release 1.2.5,
field_1752_l,posXClip,Release 1.2.5,
field_1753_k,posZMinus,Release 1.2.5,
field_1754_j,posYMinus,Release 1.2.5,
field_1755_i,posXMinus,Release 1.2.5,
field_1756_h,sizeDepth,Release 1.0.0,
field_1757_g,sizeHeight,Release 1.0.0,
field_1758_f,sizeWidth,Release 1.0.0,
field_1759_e,posZ,Release 1.2.5,
field_1760_d,posY,Release 1.2.5,
field_1761_c,posX,Release 1.2.5,
field_1762_b,chunksUpdated,Release 1.2.5,
field_1763_a,worldObj,Release 1.2.5,
field_1764_b,points,Release 1.2.5,
field_1765_a,pathLength,Release 1.2.5,
field_1766_c,pathIndex,Release 1.0.0,
field_1767_b,mc,Release 1.2.5,
field_1768_a,resourcesFolder,Release 1.2.5,
field_1769_c,closing,Release 1.2.5,
field_1770_a,tryCheckOcclusionCapable,Release 1.2.5,
field_1771_b,overrideBlockTexture,Release 1.2.5,
field_1772_a,blockAccess,Release 1.2.5,
field_1773_d,renderAllFaces,Release 1.2.5,
field_1774_c,flipTexture,Release 1.2.5,
field_1775_b,yCoord,Release 1.2.5,
field_1776_a,xCoord,Release 1.2.5,
field_1777_e,nextVector,Release 1.2.5,
field_1778_d,vectorList,Release 1.2.5,
field_1779_c,zCoord,Release 1.2.5,
field_1780_b,soundUrl,Release 1.2.5,
field_1781_a,soundName,Release 1.2.5,
field_1782_l,yPosition,Beta 1.7.3,
field_1783_k,xPosition,Beta 1.7.3,
field_1784_j,field_1784_j,Beta 1.7.3,
field_1785_i,field_1785_i,Beta 1.7.3,
field_1786_h,zoneMap,Release 1.2.5,
field_1787_g,zonesToRender,Release 1.2.5,
field_1788_f,running,Release 1.2.5,
field_1789_e,workDir,Release 1.2.5,
field_1790_d,level,Release 1.2.5,
field_1791_c,showHelp,Release 1.2.5,
field_1792_b,zoom,Release 1.2.5,
field_1793_a,currentRender,Release 1.2.5,
field_185_a,fullscreen,Release 1.2.5,
field_186_a,mainFrame,Release 1.2.5,
field_188_b,chunkZPos,Release 1.2.5,
field_189_a,chunkXPos,Release 1.2.5,
field_191_a,renderManager,Release 1.2.5,
field_194_c,shadowOpaque,Release 1.2.5,
field_195_d,modelBase,Release 1.2.5,
field_196_d,blockRenderer,Release 1.2.5,
field_197_d,renderBlocks,Release 1.2.5,
field_198_d,modelBoat,Release 1.2.5,
field_199_d,rand,Release 1.2.5,
field_200_e,random,Release 1.2.5,
field_201_d,renderBlocks,Release 1.2.5,
field_203_d,renderBlocks,Release 1.2.5,
field_204_f,scale,Release 1.2.5,
field_205_f,scaleAmount,Release 1.2.5,
field_206_i,armorFilenamePrefix,Release 1.2.5,
field_207_h,modelArmor,Release 1.2.5,
field_208_g,modelArmorChestplate,Release 1.2.5,
field_209_f,modelBipedMain,Release 1.2.5,
field_20901_a,courseChangeCooldown,Release 1.2.5,
field_20900_b,waypointX,Release 1.2.5,
field_20902_c,waypointY,Release 1.2.5,
field_20910_a,minecartCurrentDamage,Beta 1.7.3,
field_20911_b,minecartTimeSinceHit,Beta 1.7.3,
field_20912_c,minecartRockDirection,Beta 1.7.3,
field_20913_d,minecartType,Release 1.2.5,
field_20914_E,entityList,Release 1.2.5,
field_20915_C,field_20915_C,Release 1.2.5,
field_20916_A,theCanvasIsoPreview,Beta 1.2_02,
field_20919_a,mcFrame,Release 1.2.5,
field_20920_e,mainModel,Release 1.2.5,
field_20923_e,particleAge,Release 1.2.5,
field_20924_a,field_20924_a,Release 1.0.0,
field_20925_a,modelMinecart,Release 1.2.5,
field_20928_D,tileEntityUpdated,ACP
field_210_z,pickaxeDiamond,Release 1.2.5,
field_211_y,shovelDiamond,Release 1.2.5,
field_212_x,swordDiamond,Release 1.2.5,
field_213_w,axeStone,Release 1.2.5,
field_214_v,pickaxeStone,Release 1.2.5,
field_215_u,shovelStone,Release 1.2.5,
field_216_t,swordStone,Release 1.2.5,
field_217_s,axeWood,Release 1.2.5,
field_218_r,pickaxeWood,Release 1.2.5,
field_219_q,shovelWood,Release 1.2.5,
field_220_p,swordWood,Release 1.2.5,
field_221_o,swordSteel,Release 1.2.5,
field_222_n,ingotGold,Release 1.2.5,
field_223_m,ingotIron,Release 1.2.5,
field_224_l,diamond,Release 1.2.5,
field_225_k,coal,Release 1.2.5,
field_226_j,arrow,Release 1.2.5,
field_227_i,bow,Release 1.2.5,
field_228_h,appleRed,Release 1.2.5,
field_230_f,axeSteel,Release 1.2.5,
field_231_e,pickaxeSteel,Release 1.2.5,
field_232_d,shovelSteel,Release 1.2.5,
field_233_c,itemsList,Release 1.2.5,
field_235_Z,legsChain,Release 1.2.5,
field_236_Y,plateChain,Release 1.2.5,
field_237_X,helmetChain,Release 1.2.5,
field_238_W,bootsLeather,Release 1.2.5,
field_239_V,legsLeather,Release 1.2.5,
field_240_U,plateLeather,Release 1.2.5,
field_241_T,helmetLeather,Release 1.2.5,
field_242_S,bread,Release 1.2.5,
field_243_R,wheat,Release 1.2.5,
field_244_Q,seeds,Release 1.2.5,
field_245_P,hoeGold,Release 1.2.5,
field_246_O,hoeDiamond,Release 1.2.5,
field_247_N,hoeSteel,Release 1.2.5,
field_248_M,hoeStone,Release 1.2.5,
field_249_L,hoeWood,Release 1.2.5,
field_250_K,gunpowder,Release 1.2.5,
field_251_J,feather,Release 1.2.5,
field_252_az,doorSteel,Release 1.2.5,
field_253_I,silk,Release 1.2.5,
field_254_ay,saddle,Release 1.2.5,
field_255_H,axeGold,Release 1.2.5,
field_256_ax,minecartEmpty,Release 1.2.5,
field_257_G,pickaxeGold,Release 1.2.5,
field_258_aw,bucketLava,Release 1.2.5,
field_259_F,shovelGold,Release 1.2.5,
field_261_E,swordGold,Release 1.2.5,
field_262_au,bucketEmpty,Release 1.2.5,
field_263_D,bowlSoup,Release 1.2.5,
field_264_C,bowlEmpty,Release 1.2.5,
field_265_at,doorWood,Release 1.2.5,
field_266_B,stick,Release 1.2.5,
field_267_as,sign,Release 1.2.5,
field_268_A,axeDiamond,Release 1.2.5,
field_269_ar,appleGold,Release 1.2.5,
field_270_aq,painting,Release 1.2.5,
field_272_ao,porkRaw,Release 1.2.5,
field_273_an,flint,Release 1.2.5,
field_274_am,bootsGold,Release 1.2.5,
field_275_al,legsGold,Release 1.2.5,
field_276_ak,plateGold,Release 1.2.5,
field_277_aj,helmetGold,Release 1.2.5,
field_278_ai,bootsDiamond,Release 1.2.5,
field_279_ah,legsDiamond,Release 1.2.5,
field_280_ag,plateDiamond,Release 1.2.5,
field_281_af,helmetDiamond,Release 1.2.5,
field_282_ae,bootsSteel,Release 1.2.5,
field_283_ad,legsSteel,Release 1.2.5,
field_284_ac,plateSteel,Release 1.2.5,
field_285_ab,helmetSteel,Release 1.2.5,
field_286_aa,bootsChain,Release 1.2.5,
field_287_aW,bFull3D,Release 1.2.5,
field_289_aU,maxDamage,Release 1.2.5,
field_290_aT,maxStackSize,Release 1.2.5,
field_291_aS,shiftedIndex,Release 1.2.5,
field_293_aQ,record13,Release 1.2.5,
field_296_aN,egg,Release 1.2.5,
field_299_aK,slimeBall,Release 1.2.5,
field_302_aH,reed,Release 1.2.5,
field_303_aG,clay,Release 1.2.5,
field_305_aE,bucketMilk,Release 1.2.5,
field_306_aD,leather,Release 1.2.5,
field_308_aB,snowball,Release 1.2.5,
field_309_aA,redstone,Release 1.2.5,
field_310_a,armorLevel,Beta 1.7.3,
field_311_aZ,renderIndex,Release 1.2.5,
field_312_aY,damageReduceAmount,Release 1.2.5,
field_313_aX,armorType,Release 1.2.5,
field_314_bb,maxDamageArray,Release 1.2.5,
field_315_ba,damageReduceAmountArray,Beta 1.7.3,
field_316_a,recordName,Release 1.2.5,
field_317_a,minecartType,Release 1.2.5,
field_318_a,blockType,Release 1.2.5,
field_319_a,weaponDamage,Release 1.2.5,
field_320_a,spawnID,Release 1.2.5,
field_321_a,doorMaterial,Release 1.2.5,
field_322_a,ingredientQuality,Alpha 1.2.6,
field_323_aZ,damageVsEntity,Release 1.2.5,
field_324_aY,efficiencyOnProperMaterial,Release 1.2.5,
field_325_aX,blocksEffectiveAgainst,Release 1.2.5,
field_326_aX,blocksEffectiveAgainst,Release 1.2.5,
field_327_aX,blocksEffectiveAgainst,Release 1.2.5,
field_328_aY,field_328_aY,Alpha 1.2.6,
field_329_aX,blocksEffectiveAgainst,Release 1.2.5,
field_330_a,blockID,Release 1.2.5,
field_331_a,isFull,Release 1.2.5,
field_332_a,healAmount,Alpha 1.2.6*,
field_333_z,sapling,Release 1.2.5,
field_334_y,planks,Release 1.2.5,
field_335_x,cobblestone,Release 1.2.5,
field_336_w,dirt,Release 1.2.5,
field_337_v,grass,Release 1.2.5,
field_338_u,stone,Release 1.2.5,
field_339_t,lightValue,Release 1.2.5,
field_340_s,canBlockGrass,Release 1.2.5,
field_341_r,lightOpacity,Release 1.2.5,
field_342_q,isBlockContainer,Release 1.0.0,
field_343_p,opaqueCubeLookup,Release 1.2.5,
field_344_o,tickOnLoad,Release 1.0.0,
field_345_n,blocksList,Release 1.2.5,
field_354_e,soundPowderFootstep,Release 1.2.5,
field_355_bo,slipperiness,Release 1.2.5,
field_356_bn,blockMaterial,Release 1.2.5,
field_357_bm,blockParticleGravity,Release 1.2.5,
field_358_bl,stepSound,Release 1.2.5,
field_360_bk,maxZ,Release 1.2.5,
field_362_bj,maxY,Release 1.2.5,
field_364_bi,maxX,Release 1.2.5,
field_366_bh,minZ,Release 1.2.5,
field_368_bg,minY,Release 1.2.5,
field_370_bf,minX,Release 1.2.5,
field_372_be,blockResistance,Release 1.2.5,
field_374_bd,blockHardness,Release 1.2.5,
field_376_bc,blockID,Release 1.2.5,
field_378_bb,blockIndexInTexture,Release 1.2.5,
field_382_N,glass,Release 1.2.5,
field_383_M,sponge,Release 1.2.5,
field_384_L,leaves,Release 1.2.5,
field_385_K,wood,Release 1.2.5,
field_386_J,oreCoal,Release 1.2.5,
field_387_az,workbench,Release 1.2.5,
field_388_I,oreIron,Release 1.2.5,
field_389_ay,blockDiamond,Release 1.2.5,
field_390_H,oreGold,Release 1.2.5,
field_391_ax,oreDiamond,Release 1.2.5,
field_392_G,gravel,Release 1.2.5,
field_393_F,sand,Release 1.2.5,
field_394_aw,redstoneWire,Release 1.2.5,
field_395_E,lavaStill,Release 1.2.5,
field_396_av,chest,Release 1.2.5,
field_397_D,lavaMoving,Release 1.2.5,
field_399_C,waterStill,Release 1.2.5,
field_400_at,mobSpawner,Release 1.2.5,
field_401_B,waterMoving,Release 1.2.5,
field_4013_a,modelBipedMain,Release 1.2.5,
field_4014_g,flintAndSteel,Release 1.2.5,
field_4015_b,itemRand,Release 1.2.5,
field_4016_av,bucketWater,Release 1.2.5,
field_4017_ap,porkCooked,Release 1.2.5,
field_4018_aZ,iconIndex,Release 1.2.5,
field_4019_aV,recordCat,Release 1.2.5,
field_402_as,fire,Release 1.2.5,
field_4020_aT,fishCooked,Release 1.2.5,
field_4021_aS,fishRaw,Release 1.2.5,
field_4022_aR,lightStoneDust,Release 1.2.5,
field_4023_aQ,pocketSundial,Release 1.2.5,
field_4024_aP,fishingRod,Release 1.2.5,
field_4025_aO,compass,Release 1.2.5,
field_4026_aM,minecartPowered,Release 1.2.5,
field_4027_aL,minecartCrate,Release 1.2.5,
field_4028_aJ,book,Release 1.2.5,
field_4029_aI,paper,Release 1.2.5,
field_403_A,bedrock,Release 1.2.5,
field_4030_aF,brick,Release 1.2.5,
field_4031_aC,boat,Release 1.2.5,
field_404_ar,torchWood,Release 1.2.5,
field_4045_bg,pumpkinLantern,Release 1.2.5,
field_4047_bf,portal,Release 1.2.5,
field_4049_be,glowStone,Release 1.2.5,
field_405_aq,obsidian,Release 1.2.5,
field_4051_bd,slowSand,Release 1.2.5,
field_4053_bc,netherrack,Release 1.2.5,
field_4055_bb,pumpkin,Release 1.2.5,
field_4057_ba,fence,Release 1.2.5,
field_4059_au,stairCompactPlanks,Release 1.2.5,
field_406_ap,cobblestoneMossy,Release 1.2.5,
field_4063_aU,ice,Release 1.2.5,
field_4064_aS,button,Release 1.2.5,
field_4065_aN,pressurePlatePlanks,Release 1.2.5,
field_4066_aL,pressurePlateStone,Release 1.2.5,
field_4067_aK,lever,Release 1.2.5,
field_4068_aJ,signWall,Release 1.2.5,
field_4069_aI,stairCompactCobblestone,Release 1.2.5,
field_407_ao,bookShelf,Release 1.2.5,
field_4072_a,blockType,Release 1.2.5,
field_4073_e,dimension,Beta 1.7.3,
field_4074_d,mapSeed,Release 1.0.0,
field_408_an,tnt,Release 1.2.5,
field_4082_a,blockInstance,Release 1.2.5,
field_4083_a,portalParticleScale,Release 1.2.5,
field_4084_r,portalPosZ,Release 1.2.5,
field_4085_q,portalPosY,Release 1.2.5,
field_4086_p,portalPosX,Release 1.2.5,
field_4088_k,ticksCatchable,Release 1.2.5,
field_4089_j,ticksInAir,Release 1.2.5,
field_409_am,brick,Release 1.2.5,
field_4090_i,ticksInGround,Release 1.2.5,
field_4091_h,inGround,Release 1.2.5,
field_4092_g,inTile,Release 1.2.5,
field_4093_f,zTile,Release 1.2.5,
field_4094_e,yTile,Release 1.2.5,
field_4095_d,xTile,Release 1.2.5,
field_4096_c,bobber,Release 1.2.5,
field_4097_b,angler,Release 1.2.5,
field_4098_a,shake,Release 1.2.5,
field_410_al,stairSingle,Release 1.2.5,
field_411_ak,stairDouble,Release 1.2.5,
field_4116_b,randomSoundDelay,Release 1.2.5,
field_4117_a,angerLevel,Release 1.2.5,
field_4118_c,defaultHeldItem,Release 1.2.5,
field_4119_a,defaultHeldItem,Release 1.2.5,
field_412_aj,blockSteel,Release 1.2.5,
field_4120_b,currentTarget,Release 1.2.5,
field_4121_a,livingSoundTime,Release 1.2.5,
field_4122_h,aggroCooldown,Release 1.2.5,
field_4123_g,targetedEntity,Release 1.2.5,
field_4124_f,attackCounter,Release 1.2.5,
field_4125_e,prevAttackCounter,Release 1.2.5,
field_4126_d,waypointZ,Release 1.2.5,
field_4127_c,numTicksToChaseTarget,Release 1.2.5,
field_4128_n,fishEntity,Release 1.2.5,
field_4129_m,dimension,Release 1.2.5,
field_413_ai,blockGold,Release 1.2.5,
field_4133_d,prevTimeInPortal,Beta 1.4_01,
field_4134_c,timeInPortal,Beta 1.4_01,
field_414_ah,mushroomRed,Release 1.2.5,
field_415_ag,mushroomBrown,Release 1.2.5,
field_4157_a,liquidBlockId,Release 1.2.5,
field_4158_a,hellLavaID,Release 1.2.5,
field_4159_s,netherCaveGenerator,Release 1.2.5,
field_416_af,plantRed,Release 1.2.5,
field_4160_r,netherrackExclusivityNoise,Release 1.2.5,
field_4161_q,gravelNoise,Release 1.2.5,
field_4162_p,slowsandNoise,Release 1.2.5,
field_4163_o,field_4163_o,Release 1.0.0,
field_4164_n,worldObj,Release 1.2.5,
field_4165_m,netherrackExculsivityNoiseGen,Release 1.2.5,
field_4166_l,slowsandGravelNoiseGen,Release 1.2.5,
field_4167_k,netherNoiseGen3,Release 1.2.5,
field_4168_j,netherNoiseGen2,Release 1.2.5,
field_4169_i,netherNoiseGen1,Release 1.2.5,
field_417_ae,plantYellow,Release 1.2.5,
field_4170_h,hellRNG,Release 1.2.5,
field_4171_g,noiseData5,Release 1.2.5,
field_4172_f,noiseData4,Release 1.2.5,
field_4173_e,noiseData3,Release 1.2.5,
field_4174_d,noiseData2,Release 1.2.5,
field_4175_c,noiseData1,Release 1.2.5,
field_4176_b,netherNoiseGen7,Release 1.2.5,
field_4177_a,netherNoiseGen6,Release 1.2.5,
field_4178_w,generatedTemperatures,Beta 1.7.3,
field_4179_v,biomesForGeneration,Release 1.2.5,
field_4180_q,noiseArray,Release 1.2.5,
field_4181_h,noise6,Release 1.2.5,
field_4182_g,noise5,Release 1.2.5,
field_4183_f,noise2,Release 1.2.5,
field_4184_e,noise1,Release 1.2.5,
field_4185_d,noise3,Release 1.2.5,
field_4187_a,minecraftLogo,Beta 1.2_02,
field_4189_i,updateCounter,Release 1.2.5,
field_419_ac,cloth,Release 1.2.5,
field_4192_g,field_4192_g,Beta 1.7.3,
field_4193_f,field_4193_f,Beta 1.7.3,
field_4194_e,field_4194_e,Beta 1.7.3,
field_4195_d,field_4195_d,Release 1.0.0,
field_4196_c,field_4196_c,Beta 1.7.3,
field_4197_b,humidity,Beta 1.7.3,
field_4198_a,temperature,Beta 1.7.3,
field_4199_g,rainfall,Release 1.2.5,
field_4200_f,hellTemperature,Release 1.2.5,
field_4201_e,biomeGenerator,Release 1.2.5,
field_4204_J,lightingUpdatesCounter,Beta 1.7.3,
field_4209_q,worldProvider,Release 1.2.5,
field_4210_n,spawnY,Beta 1.2_02,
field_4214_a,scheduledUpdatesAreImmediate,Release 1.2.5,
field_4215_b,worldChunkMgr,Release 1.2.5,
field_4216_a,worldObj,Release 1.2.5,
field_4217_f,colorsSunriseSunset,Release 1.2.5,
field_4218_e,worldType,Release 1.2.5,
field_4219_d,lightBrightnessTable,Release 1.2.5,
field_422_aZ,jukebox,Release 1.2.5,
field_4220_c,isNether,Release 1.0.0,
field_4221_k,field_4221_k,Release 1.0.0,
field_4222_j,field_4222_j,Release 1.0.0,
field_4223_i,dialImageData,Release 1.2.5,
field_4224_h,watchIconImageData,Release 1.2.5,
field_4225_g,mc,Release 1.2.5,
field_4226_h,portalTextureData,Release 1.2.5,
field_4227_g,portalTickCounter,Release 1.2.5,
field_4228_j,field_4228_j,Release 1.0.0,
field_4229_i,field_4229_i,Release 1.0.0,
field_423_aY,reed,Release 1.2.5,
field_4230_h,compassIconImageData,Release 1.2.5,
field_4231_g,mc,Release 1.2.5,
field_4232_a,random,Release 1.2.5,
field_4233_b,field_4233_b,Beta 1.7.3,
field_4234_a,field_4234_a,Beta 1.7.3,
field_4236_f,itemRenderer,Release 1.2.5,
field_4237_t,biomeLookupTable,Beta 1.7.3,
field_4238_s,biomeCreatures,Beta 1.2_02,
field_4239_r,biomeMonsters,Beta 1.2_02,
field_424_aX,blockClay,Release 1.2.5,
field_4241_p,fillerBlock,Release 1.2.5,
field_4242_o,topBlock,Release 1.2.5,
field_4245_l,hell,Release 1.2.5,
field_4246_k,tundra,Beta 1.7.3,
field_4247_j,iceDesert,Beta 1.7.3,
field_4248_i,plains,Beta 1.7.3,
field_4249_h,desert,Release 1.2.5,
field_425_aW,cactus,Release 1.2.5,
field_4250_g,taiga,Release 1.2.5,
field_4251_f,shrubland,Beta 1.7.3,
field_4252_e,savanna,Beta 1.7.3,
field_4253_d,forest,Release 1.2.5,
field_4254_c,seasonalForest,Beta 1.7.3,
field_4255_b,swampland,Release 1.2.5,
field_4256_a,rainforest,Beta 1.7.3,
field_4257_b,tentacles,Release 1.2.5,
field_4258_a,body,Release 1.2.5,
field_4259_y,canBurn,Release 1.2.5,
field_426_aV,blockSnow,Release 1.2.5,
field_4260_x,portal,Release 1.2.5,
field_4261_w,pumpkin,Release 1.2.5,
field_4262_q,unused,Release 1.2.5,
field_4263_o,glass,Release 1.2.5,
field_4264_k,cloth,Release 1.2.5,
field_4265_h,leaves,Release 1.2.5,
field_4268_g,fogColorBlue,Release 1.2.5,
field_4269_f,fogColorGreen,Release 1.2.5,
field_4270_e,fogColorRed,Release 1.2.5,
field_4274_a,baseEntity,Release 1.2.5,
field_4277_d,maxNumberOfCreature,Release 1.2.5,
field_4278_c,creatureClass,Release 1.2.5,
field_428_aT,snow,Release 1.2.5,
field_4280_j,blurTexture,Release 1.2.5,
field_4281_i,clampTexture,Release 1.2.5,
field_4286_b,buffer,Release 1.2.5,
field_4287_a,dateFormat,Release 1.2.5,
field_4288_d,imageData,Release 1.2.5,
field_4289_c,pixelData,Release 1.2.5,
field_4291_b,field_4291_b,Beta 1.7.3,
field_4292_a,field_4292_a,Beta 1.7.3,
field_4293_g,field_4293_g,Beta 1.7.3,
field_4294_f,field_4294_f,Beta 1.7.3,
field_4295_e,field_4295_e,Beta 1.7.3,
field_4296_d,field_4296_d,Beta 1.7.3,
field_4297_c,field_4297_c,Beta 1.7.3,
field_430_aR,torchRedstoneActive,Release 1.2.5,
field_431_aQ,torchRedstoneIdle,Release 1.2.5,
field_432_aP,oreRedstoneGlowing,Release 1.2.5,
field_433_aO,oreRedstone,Release 1.2.5,
field_435_aM,doorSteel,Release 1.2.5,
field_440_aH,rail,Release 1.2.5,
field_441_aG,ladder,Release 1.2.5,
field_442_aF,doorWood,Release 1.2.5,
field_443_aE,signPost,Release 1.2.5,
field_444_aD,stoneOvenActive,Release 1.2.5,
field_445_aC,stoneOvenIdle,Release 1.2.5,
field_446_aB,tilledField,Release 1.2.5,
field_447_aA,crops,Release 1.2.5,
field_448_b,abilityToCatchFire,Release 1.2.5,
field_449_a,chanceToEncourageFire,Release 1.2.5,
field_450_b,torchUpdates,Release 1.2.5,
field_451_a,torchActive,Release 1.2.5,
field_452_a,modelBlock,Release 1.2.5,
field_453_a,wiresProvidePower,Release 1.2.5,
field_454_b,isFreestanding,Release 1.2.5,
field_455_a,signEntityClass,Release 1.2.5,
field_456_a,isActive,Release 1.2.5,
field_457_a,random,Release 1.2.5,
field_459_b,isOptimalFlowDirection,Release 1.2.5,
field_460_a,numAdjacentSources,Release 1.2.5,
field_461_c,flowCost,Release 1.2.5,
field_463_b,baseIndexInPNG,Release 1.2.5,
field_464_c,field_464_c,Alpha 1.2.6,
field_466_a,fallInstantly,Release 1.2.5,
field_467_a,triggerMobType,Release 1.2.5,
field_468_a,glowing,Release 1.2.5,
field_469_a,blockType,Alpha 1.2.6*,
field_470_b,packetClassToIdMap,Release 1.2.5,
field_471_a,packetIdToClassMap,Release 1.2.5,
field_472_j,isChunkDataPacket,Release 1.2.5,
field_473_b,yPosition,Alpha 1.2.6,
field_474_a,xPosition,Alpha 1.2.6,
field_475_e,entityNBT,Alpha 1.2.6,
field_476_d,entityData,Alpha 1.2.6,
field_477_c,zPosition,Alpha 1.2.6,
field_478_b,zPosition,Release 1.2.5,
field_479_a,xPosition,Release 1.2.5,
field_480_f,size,Release 1.2.5,
field_481_e,metadataArray,Release 1.2.5,
field_482_d,typeArray,Release 1.0.0,
field_483_c,coordinateArray,Release 1.0.0,
field_484_b,xPosition,Release 1.2.5,
field_485_a,entityId,Release 1.2.5,
field_486_g,rotating,Release 1.2.5,
field_487_f,pitch,Release 1.2.5,
field_488_e,yaw,Release 1.2.5,
field_489_d,zPosition,Release 1.2.5,
field_490_c,yPosition,Release 1.2.5,
field_491_b,yPosition,Release 1.2.5,
field_492_a,xPosition,Release 1.2.5,
field_493_e,metadata,Release 1.2.5,
field_494_d,type,Release 1.2.5,
field_495_c,zPosition,Release 1.2.5,
field_496_b,count,Alpha 1.2.6,
field_497_a,id,Alpha 1.2.6,
field_498_c,durability,Alpha 1.2.6,
field_499_b,xPosition,Release 1.2.5,
field_500_a,entityId,Release 1.2.5,
field_501_e,type,Release 1.2.5,
field_502_d,zPosition,Release 1.2.5,
field_503_c,yPosition,Release 1.2.5,
field_504_b,yPosition,Release 1.2.5,
field_505_a,xPosition,Release 1.2.5,
field_506_c,mode,Release 1.2.5,
field_507_a,entityId,Release 1.2.5,
field_508_b,xPosition,Release 1.2.5,
field_509_a,entityId,Release 1.2.5,
field_510_f,pitch,Release 1.2.5,
field_511_e,yaw,Release 1.2.5,
field_512_d,zPosition,Release 1.2.5,
field_513_c,yPosition,Release 1.2.5,
field_514_b,yPosition,Release 1.2.5,
field_515_a,xPosition,Release 1.2.5,
field_516_c,zPosition,Release 1.2.5,
field_517_a,message,Release 1.2.5,
field_518_b,username,Release 1.2.5,
field_519_a,protocolVersion,Release 1.2.5,
field_520_c,password,Beta 1.4_01,
field_521_b,animate,Release 1.2.5,
field_522_a,entityId,Release 1.2.5,
field_523_i,count,Release 1.2.5,
field_524_h,itemID,Release 1.2.5,
field_525_g,roll,Release 1.2.5,
field_526_f,pitch,Release 1.2.5,
field_527_e,rotation,Release 1.2.5,
field_528_d,zPosition,Release 1.2.5,
field_529_c,yPosition,Release 1.2.5,
field_530_b,xPosition,Release 1.2.5,
field_531_a,entityId,Release 1.2.5,
field_532_a,username,Release 1.2.5,
field_533_b,name,Release 1.2.5,
field_534_a,entityId,Release 1.2.5,
field_535_h,currentItem,Release 1.2.5,
field_536_g,pitch,Release 1.2.5,
field_537_f,rotation,Release 1.2.5,
field_538_e,zPosition,Release 1.2.5,
field_539_d,yPosition,Release 1.2.5,
field_540_c,xPosition,Release 1.2.5,
field_541_b,yPosition,Release 1.2.5,
field_542_a,xPosition,Release 1.2.5,
field_543_e,status,Release 1.2.5,
field_544_d,face,Release 1.2.5,
field_545_c,zPosition,Release 1.2.5,
field_546_b,type,Release 1.2.5,
field_547_a,entityId,Release 1.2.5,
field_548_g,pitch,Release 1.2.5,
field_549_f,yaw,Release 1.2.5,
field_550_e,zPosition,Release 1.2.5,
field_551_d,yPosition,Release 1.2.5,
field_552_c,xPosition,Release 1.2.5,
field_553_i,rotating,Release 1.2.5,
field_554_h,moving,Release 1.2.5,
field_555_g,onGround,Release 1.2.5,
field_556_f,pitch,Release 1.2.5,
field_557_e,yaw,Release 1.2.5,
field_558_d,stance,Release 1.2.5,
field_559_c,zPosition,Release 1.2.5,
field_560_b,yPosition,Release 1.2.5,
field_561_a,xPosition,Release 1.2.5,
field_562_b,id,Release 1.2.5,
field_563_a,unused,Alpha 1.2.6,
field_564_a,time,Release 1.2.5,
field_565_b,yPosition,Release 1.2.5,
field_566_a,xPosition,Release 1.2.5,
field_567_e,itemStack,Release 1.2.5,
field_568_d,direction,Release 1.2.5,
field_569_c,zPosition,Release 1.2.5,
field_570_b,itemID,Release 1.2.5,
field_571_a,entityID,Release 1.2.5,
field_572_b,yPosition,Release 1.0.0,
field_573_a,xPosition,Release 1.0.0,
field_574_h,chunkSize,Release 1.0.0,
field_575_g,chunk,Release 1.0.0,
field_576_f,zSize,Release 1.0.0,
field_577_e,ySize,Release 1.0.0,
field_578_d,xSize,Release 1.0.0,
field_579_c,zPosition,Release 1.0.0,
field_580_b,collectorEntityId,Release 1.2.5,
field_581_a,collectedEntityId,Release 1.2.5,
field_582_a,reason,Release 1.2.5,
field_583_i,ticksBeforeMusic,Release 1.2.5,
field_584_h,rand,Release 1.2.5,
field_585_g,loaded,Release 1.2.5,
field_586_f,options,Release 1.2.5,
field_587_e,latestSoundID,Release 1.2.5,
field_588_d,soundPoolMusic,Release 1.2.5,
field_589_c,soundPoolStreaming,Release 1.2.5,
field_590_b,soundPoolSounds,Release 1.2.5,
field_591_a,sndSystem,Release 1.2.5,
field_592_b,xPosition,Release 1.2.5,
field_593_a,clippingHelper,Release 1.2.5,
field_594_d,zPosition,Release 1.2.5,
field_595_c,yPosition,Release 1.2.5,
field_601_au,boundingBox,Release 1.2.5,
field_602_at,prevRotationPitch,Release 1.2.5,
field_603_as,prevRotationYaw,Release 1.2.5,
field_604_ar,rotationPitch,Release 1.2.5,
field_605_aq,rotationYaw,Release 1.2.5,
field_606_ap,motionZ,Release 1.2.5,
field_607_ao,motionY,Release 1.2.5,
field_608_an,motionX,Release 1.2.5,
field_609_am,posZ,Release 1.2.5,
field_610_al,posY,Release 1.2.5,
field_611_ak,posX,Release 1.2.5,
field_615_ag,worldObj,Release 1.2.5,
field_616_af,ridingEntity,Release 1.2.5,
field_617_ae,riddenByEntity,Release 1.2.5,
field_618_ad,preventEntitySpawning,Release 1.2.5,
field_619_ac,renderDistanceWeight,Release 1.2.5,
field_620_ab,entityId,Release 1.2.5,
field_621_aZ,addedToChunk,Release 1.2.5,
field_622_aY,cloakUrl,Release 1.2.5,
field_6234_b,mc,Release 1.2.5,
field_6235_a,mcCanvas,Release 1.2.5,
field_6236_c,mcThread,Release 1.2.5,
field_6275_Z,minecraftDir,Release 1.2.5,
field_6282_S,leftClickCounter,Release 1.2.5,
field_6283_R,ticksRan,Release 1.2.5,
field_6284_Q,downloadResourcesThread,Release 1.2.5,
field_6286_O,glCapabilities,Release 1.2.5,
field_6287_N,systemTime,Release 1.2.5,
field_6288_M,isRaining,Release 1.2.5,
field_6289_L,inGameHasFocus,Release 1.2.5,
field_6290_K,prevFrameTime,Release 1.2.5,
field_6291_J,isTakingScreenshot,Release 1.2.5,
field_6292_I,debug,Release 1.2.5,
field_6293_H,running,Release 1.2.5,
field_6297_D,mcDataDir,Release 1.2.5,
field_6298_C,texturePackList,Release 1.2.5,
field_6299_B,mouseHelper,Release 1.2.5,
field_6300_ab,joinPlayerCounter,Release 1.2.5,
field_6301_A,sndManager,Release 1.2.5,
field_6302_aa,mouseTicksRan,Beta 1.7.3,
field_6304_y,gameSettings,Release 1.2.5,
field_6305_x,objectMouseOver,Release 1.2.5,
field_6307_v,skipRenderWorld,Release 1.2.5,
field_6308_u,ingameGUI,Release 1.2.5,
field_6309_t,loadMapIdParameter,Beta 1.2_02,
field_6310_s,loadMapUserParameter,Beta 1.2_02,
field_6312_q,loadingScreen,Release 1.2.5,
field_6313_p,currentScreen,Release 1.2.5,
field_6314_o,fontRenderer,Release 1.2.5,
field_6315_n,renderEngine,Release 1.2.5,
field_6316_m,isGamePaused,Release 1.2.5,
field_6317_l,hideQuitButton,Release 1.2.5,
field_6319_j,minecraftUri,Release 1.2.5,
field_632_aO,entityCollisionReduction,Release 1.2.5,
field_6320_i,session,Release 1.2.5,
field_6321_h,effectRenderer,Release 1.2.5,
field_6322_g,thePlayer,Release 1.2.5,
field_6323_f,renderGlobal,Release 1.2.5,
field_6324_e,theWorld,Release 1.2.5,
field_6325_d,displayHeight,Release 1.2.5,
field_6326_c,displayWidth,Release 1.2.5,
field_6327_b,playerController,Release 1.2.5,
field_6332_f,renderPassModel,Release 1.2.5,
field_6359_a,graphicsLevel,Release 1.2.5,
field_636_aK,lastTickPosZ,Release 1.2.5,
field_6363_a,localFlag,Release 1.2.5,
field_6364_b,vehicleEntityId,Release 1.2.5,
field_6365_a,entityId,Release 1.2.5,
field_6366_b,motionX,Release 1.2.5,
field_6367_a,entityId,Release 1.2.5,
field_6368_d,motionZ,Release 1.2.5,
field_6369_c,motionY,Release 1.2.5,
field_637_aJ,lastTickPosY,Release 1.2.5,
field_638_aI,lastTickPosX,Release 1.2.5,
field_6380_t,velocityZ,Release 1.2.5,
field_6381_s,velocityY,Release 1.2.5,
field_6382_r,velocityX,Release 1.2.5,
field_6383_q,fishPitch,Release 1.2.5,
field_6384_p,fishYaw,Release 1.2.5,
field_6385_o,fishZ,Release 1.2.5,
field_6386_n,fishY,Release 1.2.5,
field_6387_m,fishX,Release 1.2.5,
field_6388_l,fishPosRotationIncrements,Release 1.2.5,
field_643_aD,height,Release 1.2.5,
field_644_aC,width,Release 1.2.5,
field_6446_b,damageGuiPartialTime,Release 1.2.5,
field_6451_g,fontRenderer,Release 1.2.5,
field_6453_p,fileLocation,Release 1.2.5,
field_6454_o,refreshTimer,Release 1.2.5,
field_6455_n,field_6455_n,Beta 1.2_02,
field_6456_m,field_6456_m,Beta 1.2_02,
field_6457_l,field_6457_l,Beta 1.2_02,
field_6458_j,field_6458_j,Beta 1.2_02,
field_6459_i,field_6459_i,Beta 1.2_02,
field_646_aA,isDead,Release 1.2.5,
field_6460_h,field_6460_h,Beta 1.2_02,
field_6461_a,guiScreen,Release 1.2.5,
field_6462_l,splashText,Release 1.2.5,
field_6463_h,rand,Release 1.2.5,
field_6478_e,hasNoSky,Release 1.2.5,
field_6479_d,isHellWorld,Release 1.2.5,
field_6486_b,firstDescriptionLine,Release 1.2.5,
field_6487_a,texturePackFileName,Release 1.2.5,
field_6488_d,texturePackID,Release 1.2.5,
field_6489_c,secondDescriptionLine,Release 1.2.5,
field_6490_f,texturePackThumbnail,Release 1.2.5,
field_6491_e,texturePackName,Release 1.2.5,
field_6493_h,texturePackFile,Release 1.2.5,
field_6494_g,texturePackThumbnail,Release 1.2.5,
field_6495_f,texturePackName,Release 1.2.5,
field_6496_e,texturePackZipFile,Release 1.2.5,
field_6501_o,entityRenderMap,Release 1.2.5,
field_6502_q,field_6502_q,Release 1.0.0,
field_6503_n,color,Release 1.2.5,
field_6504_m,biomeName,Release 1.2.5,
field_6509_a,tileEntityRenderer,Release 1.2.5,
field_6511_f,allOSes,Release 1.0.0,
field_6512_e,unknown,Alpha 1.2.6,
field_6514_b,exception,Release 1.2.5,
field_6515_a,description,Release 1.2.5,
field_6517_m,specialRendererMap,Release 1.2.5,
field_6518_e,allCreatureTypes,Release 1.0.0,
field_6520_s,keyBindToggleFog,Beta 1.7.3,
field_6521_r,keyBindChat,Release 1.2.5,
field_6522_B,optionsFile,Release 1.2.5,
field_6523_q,keyBindDrop,Release 1.2.5,
field_6524_j,skin,Release 1.2.5,
field_6525_f,field_6525_f,Beta 1.7.3,
field_6527_k,texturePack,Release 1.2.5,
field_6528_b,textureMap,Release 1.2.5,
field_6529_a,foliageBuffer,Release 1.2.5,
field_6533_b,availableTexturePacks,Release 1.2.5,
field_6534_a,selectedTexturePack,Release 1.2.5,
field_6535_g,currentTexturePack,Release 1.2.5,
field_6536_f,texturePackDir,Release 1.2.5,
field_6537_e,mc,Release 1.2.5,
field_6538_d,field_6538_d,Release 1.0.0,
field_6539_c,defaultTexturePack,Release 1.2.5,
field_654_bc,chunkCoordZ,Release 1.2.5,
field_6540_a,grassBuffer,Release 1.2.5,
field_6541_a,instance,Release 1.2.5,
field_6542_d,mpPassParameter,Release 1.2.5,
field_6543_c,sessionId,Release 1.2.5,
field_6544_a,eligibleChunksForSpawning,Release 1.2.5,
field_656_bb,chunkCoordY,Release 1.2.5,
field_657_ba,chunkCoordX,Release 1.2.5,
field_658_n,interpPosZ,Release 1.2.5,
field_659_m,interpPosY,Release 1.2.5,
field_660_l,interpPosX,Release 1.2.5,
field_661_k,particleBlue,Release 1.2.5,
field_662_j,particleGreen,Release 1.2.5,
field_663_i,particleRed,Release 1.2.5,
field_664_h,particleGravity,Release 1.2.5,
field_665_g,particleScale,Release 1.2.5,
field_666_f,particleMaxAge,Release 1.2.5,
field_667_e,entityRiderYawDelta,Release 1.2.5,
field_668_d,particleTextureJitterY,Release 1.2.5,
field_669_c,particleTextureJitterX,Release 1.2.5,
field_670_b,particleTextureIndex,Release 1.2.5,
field_671_a,smokeParticleScale,Release 1.2.5,
field_672_a,flameScale,Release 1.2.5,
field_673_a,reddustParticleScale,Release 1.2.5,
field_674_a,lavaParticleScale,Release 1.2.5,
field_675_a,entityToPickUp,Release 1.2.5,
field_676_r,yOffs,Release 1.2.5,
field_677_q,maxAge,Release 1.2.5,
field_678_p,age,Release 1.2.5,
field_679_o,entityPickingUp,Release 1.2.5,
field_680_i,ticksInAir,Release 1.2.5,
field_681_h,ticksInGround,Release 1.2.5,
field_682_g,shootingEntity,Release 1.2.5,
field_688_a,arrowShake,Release 1.2.5,
field_689_a,fuse,Release 1.2.5,
field_690_b,art,Release 1.2.5,
field_691_a,direction,Release 1.2.5,
field_695_c,tickCounter1,Release 1.2.5,
field_703_S,field_703_S,Release 1.0.0,
field_704_R,field_704_R,Release 1.0.0,
field_705_Q,field_705_Q,Release 1.0.0,
field_712_J,deathTime,Release 1.2.5,
field_715_G,hurtTime,Release 1.2.5,
field_734_o,prevRenderYawOffset,Release 1.2.5,
field_735_n,renderYawOffset,Release 1.2.5,
field_749_a,pathToEntity,Release 1.2.5,
field_750_g,hasAttacked,Release 1.2.5,
field_751_f,entityToAttack,Release 1.2.5,
field_752_b,field_752_b,Release 1.0.0,
field_753_a,field_753_a,Release 1.0.0,
field_754_i,timeUntilNextEgg,Release 1.2.5,
field_755_h,field_755_h,Release 1.0.0,
field_756_e,field_756_e,Release 1.0.0,
field_757_d,field_757_d,Release 1.0.0,
field_758_c,destPos,Release 1.2.5,
field_759_a,rideable,Alpha 1.2.6,
field_760_a,sheared,Alpha 1.2.6,
field_761_a,unusedBoolean,Alpha 1.2.6,
field_762_e,attackStrength,Release 1.2.5,
field_763_b,lastActiveTime,Release 1.2.5,
field_764_a,timeSinceIgnited,Release 1.2.5,
field_765_d,creeperState,Alpha 1.2.6,
field_766_c,fuseTime,Alpha 1.2.6,
field_767_b,field_767_b,Release 1.0.0,
field_768_a,field_768_a,Release 1.0.0,
field_769_d,slimeJumpDelay,Release 1.2.5,
field_770_c,slimeSize,Beta 1.2_02,
field_771_i,username,Release 1.2.5,
field_774_f,cameraYaw,Release 1.2.5,
field_775_e,prevCameraYaw,Release 1.2.5,
field_778_b,inventory,Release 1.2.5,
field_780_bk,otherPlayerMPYaw,Release 1.2.5,
field_781_a,damageRemainder,Beta 1.7.3,
field_782_bj,otherPlayerMPZ,Release 1.2.5,
field_783_bi,otherPlayerMPY,Release 1.2.5,
field_784_bh,otherPlayerMPX,Release 1.2.5,
field_785_bg,otherPlayerMPPosRotationIncrements,Release 1.2.5,
field_786_bl,otherPlayerMPPitch,Release 1.2.5,
field_787_a,movementInput,Release 1.2.5,
field_788_bg,mc,Release 1.2.5,
field_797_bg,sendQueue,Release 1.2.5,
field_798_b,fallTime,Release 1.2.5,
field_799_a,blockID,Release 1.2.5,
field_800_b,age,Release 1.2.5,
field_801_a,item,Release 1.2.5,
field_802_f,health,Release 1.2.5,
field_803_e,field_803_e,Release 1.0.0,
field_804_d,field_804_d,Release 1.0.0,
field_805_c,delayBeforeCanPickup,Release 1.2.5,
field_806_b,boatTimeSinceHit,Beta 1.7.3,
field_807_a,boatCurrentDamage,Beta 1.7.3,
field_808_c,boatRockDirection,Beta 1.7.3,
field_809_i,ticksInAirSnowball,Beta 1.7.3,
field_810_h,ticksInGroundSnowball,Beta 1.7.3,
field_811_g,thrower,Beta 1.7.3,
field_812_f,inGroundSnowball,Beta 1.7.3,
field_813_e,inTileSnowball,Beta 1.7.3,
field_814_d,zTileSnowball,Beta 1.7.3,
field_815_c,yTileSnowball,Beta 1.7.3,
field_816_b,xTileSnowball,Beta 1.7.3,
field_817_a,shakeSnowball,Beta 1.7.3,
field_818_a,stackResult,Release 1.2.5,
field_819_b,classToNameMap,Release 1.2.5,
field_820_a,nameToClassMap,Release 1.2.5,
field_821_h,zCoord,Release 1.2.5,
field_822_g,yCoord,Release 1.2.5,
field_823_f,xCoord,Release 1.2.5,
field_824_e,worldObj,Release 1.2.5,
field_825_b,lineBeingEdited,Release 1.2.5,
field_826_a,signText,Release 1.2.5,
field_827_a,chestContents,Release 1.2.5,
field_828_b,mobID,Release 1.2.5,
field_829_a,delay,Release 1.2.5,
field_830_d,yaw2,Release 1.2.5,
field_831_c,yaw,Release 1.2.5,
field_832_b,furnaceBurnTime,Release 1.2.5,
field_833_a,furnaceItemStacks,Release 1.2.5,
field_834_d,furnaceCookTime,Release 1.2.5,
field_835_c,currentItemBurnTime,Release 1.2.5,
field_836_b,upperChest,Release 1.2.5,
field_837_a,name,Release 1.2.5,
field_838_c,lowerChest,Release 1.2.5,
field_839_b,nbrSlots,Alpha 1.2.6,
field_840_a,stackList,Release 1.2.5,
field_841_c,eventHandler,Release 1.2.5,
field_842_b,armorInventory,Release 1.2.5,
field_843_a,mainInventory,Release 1.2.5,
field_844_g,player,Release 1.2.5,
field_845_f,inventoryChanged,Release 1.2.5,
field_846_e,draggingItemStack,Alpha 1.2.6,
field_847_d,currentItem,Release 1.2.5,
field_848_c,craftingInventory,Alpha 1.2.6,
field_855_j,field_855_j,Release 1.0.0,
field_856_i,field_856_i,Release 1.0.0,
field_857_h,cargoItems,Release 1.2.5,
field_861_d,entityRiderPitchDelta,Release 1.2.5,
field_862_c,firstUpdate,Release 1.2.5,
field_863_b,nextStepDistance,Release 1.2.5,
field_864_a,nextEntityID,Release 1.2.5,
field_866_b,numberOfBlocks,Release 1.2.5,
field_867_a,clayBlockId,Release 1.2.5,
field_868_o,leafNodes,Release 1.2.5,
field_869_n,leafDistanceLimit,Release 1.2.5,
field_870_m,heightLimitLimit,Release 1.2.5,
field_871_l,trunkSize,Release 1.2.5,
field_872_k,leafDensity,Release 1.2.5,
field_873_j,scaleWidth,Release 1.2.5,
field_874_i,branchSlope,Release 1.2.5,
field_875_h,branchDensity,Release 1.2.5,
field_876_g,heightAttenuation,Release 1.2.5,
field_877_f,height,Release 1.2.5,
field_878_e,heightLimit,Release 1.2.5,
field_879_d,basePos,Release 1.2.5,
field_880_c,worldObj,Release 1.2.5,
field_881_b,rand,Release 1.2.5,
field_882_a,otherCoordPairs,Release 1.2.5,
field_883_b,numberOfBlocks,Release 1.2.5,
field_884_a,minableBlockId,Release 1.2.5,
field_885_a,plantBlockId,Release 1.2.5,
field_886_b,chunkMapping,Release 1.2.5,
field_887_a,blankChunk,Release 1.2.5,
field_888_d,worldObj,Release 1.2.5,
field_889_c,field_889_c,Release 1.0.0,
field_890_b,lastQueriedChunkZPos,Release 1.2.5,
field_891_a,lastQueriedChunkXPos,Release 1.2.5,
field_892_h,lastQueriedChunk,Release 1.2.5,
field_893_g,worldObj,Release 1.2.5,
field_894_f,chunks,Release 1.2.5,
field_895_e,chunkLoader,Release 1.2.5,
field_896_d,chunkProvider,Release 1.2.5,
field_897_c,blankChunk,Release 1.2.5,
field_898_b,chunks,Beta 1.2_02,
field_899_a,field_899_a,Beta 1.2_02,
field_900_d,chunkLoader,Beta 1.2_02,
field_901_c,worldObj,Beta 1.2_02,
field_902_u,caveGenerator,Release 1.2.5,
field_903_t,stoneNoise,Release 1.2.5,
field_904_s,gravelNoise,Beta 1.7.3,
field_905_r,sandNoise,Beta 1.7.3,
field_907_p,worldObj,Release 1.2.5,
field_908_o,noiseGen4,Release 1.2.5,
field_909_n,field_909_n,Beta 1.7.3,
field_910_m,noiseGen3,Release 1.2.5,
field_911_l,noiseGen2,Release 1.2.5,
field_912_k,noiseGen1,Release 1.2.5,
field_913_j,rand,Release 1.2.5,
field_914_i,unusedIntArray32x32,Release 1.0.0,
field_920_c,mobSpawnerNoise,Release 1.2.5,
field_921_b,noiseGen6,Release 1.2.5,
field_922_a,noiseGen5,Release 1.2.5,
field_923_k,zLevel,Release 1.2.5,
field_9231_Y,textureLavaFX,Release 1.2.5,
field_9232_X,textureWaterFX,Release 1.2.5,
field_9233_W,serverPort,Release 1.2.5,
field_9234_V,serverName,Release 1.2.5,
field_9235_U,tempDisplayHeight,Release 1.2.5,
field_9236_T,tempDisplayWidth,Release 1.2.5,
field_9237_P,timer,Release 1.2.5,
field_9238_G,numRecordedFrameTimes,Release 1.2.5,
field_9239_F,tickTimes,Release 1.2.5,
field_9240_E,frameTimes,Release 1.2.5,
field_9241_z,mcApplet,Release 1.2.5,
field_9242_w,playerModelBiped,Release 1.2.5,
field_9243_r,entityRenderer,Release 1.2.5,
field_9244_k,mcCanvas,Release 1.2.5,
field_9246_c,shadowSize,Release 1.2.5,
field_9247_l,soundSandFootstep,Release 1.2.5,
field_9248_k,soundClothFootstep,Release 1.2.5,
field_9249_j,soundGlassFootstep,Release 1.2.5,
field_9250_i,soundMetalFootstep,Release 1.2.5,
field_9251_h,soundStoneFootstep,Release 1.2.5,
field_9252_g,soundGrassFootstep,Release 1.2.5,
field_9253_f,soundGravelFootstep,Release 1.2.5,
field_9254_e,soundWoodFootstep,Release 1.2.5,
field_9255_Z,pistonBase,Release 1.2.5,
field_9256_Y,deadBush,Release 1.2.5,
field_9257_X,tallGrass,Release 1.2.5,
field_9258_W,web,Release 1.2.5,
field_9259_V,pistonStickyBase,Release 1.2.5,
field_9260_U,railDetector,Release 1.2.5,
field_9261_T,railPowered,Release 1.2.5,
field_9262_S,bed,Release 1.2.5,
field_9263_R,music,Release 1.2.5,
field_9264_Q,sandStone,Release 1.2.5,
field_9265_P,dispenser,Release 1.2.5,
field_9266_O,blockLapis,Release 1.2.5,
field_9267_N,oreLapis,Release 1.2.5,
field_9268_ac,pistonMoving,Release 1.2.5,
field_9269_aa,pistonExtension,Release 1.2.5,
field_9273_b,entityStatus,Release 1.2.5,
field_9274_a,entityId,Release 1.2.5,
field_9275_a,healthMP,Release 1.2.5,
field_9276_b,targetEntity,Release 1.2.5,
field_9277_a,playerEntityId,Release 1.2.5,
field_9278_c,isLeftClick,Release 1.2.5,
field_9283_av,prevPosZ,Release 1.2.5,
field_9284_au,prevPosY,Release 1.2.5,
field_9285_at,prevPosX,Release 1.2.5,
field_9286_aZ,stepHeight,Release 1.2.5,
field_9287_aY,ySize,Release 1.2.5,
field_9288_aU,fallDistance,Release 1.2.5,
field_9289_aT,entityWalks,Beta 1.2_02,
field_929_e,chatMessageList,Release 1.2.5,
field_9290_aS,distanceWalkedModified,Release 1.2.5,
field_9291_aR,prevDistanceWalkedModified,Release 1.2.5,
field_9292_aO,yOffset,Release 1.2.5,
field_9293_aM,field_9293_aM,Release 1.0.0,
field_9294_aL,velocityChanged,Release 1.2.5,
field_9295_aK,isCollided,Release 1.2.5,
field_9296_aJ,isCollidedVertically,Release 1.2.5,
field_9297_aI,isCollidedHorizontally,Release 1.2.5,
field_9298_aH,onGround,Release 1.2.5,
field_9299_bv,field_9299_bv,Alpha 1.2.6,
field_930_d,itemRenderer,Release 1.2.5,
field_9300_bu,field_9300_bu,Alpha 1.2.6,
field_9301_bt,serverPosZ,Release 1.2.5,
field_9302_bs,serverPosY,Release 1.2.5,
field_9303_br,serverPosX,Release 1.2.5,
field_9304_bm,isImmuneToFire,Release 1.2.5,
field_9305_bk,air,Beta 1.7.3,
field_9306_bj,heartsLife,Release 1.2.5,
field_9307_bi,inWater,Release 1.2.5,
field_9308_bh,maxAir,Beta 1.7.3,
field_9309_bg,fire,Release 1.2.5,
field_931_c,prevVignetteBrightness,Release 1.2.5,
field_9310_bf,fireResistance,Release 1.2.5,
field_9311_be,ticksExisted,Release 1.2.5,
field_9312_bd,rand,Release 1.2.5,
field_9313_bc,field_9313_bc,Beta 1.4_01,
field_9314_ba,noClip,Release 1.2.5,
field_9315_g,inGround,Release 1.2.5,
field_9316_f,inTile,Release 1.2.5,
field_9317_e,zTile,Release 1.2.5,
field_9318_d,yTile,Release 1.2.5,
field_9319_c,xTile,Release 1.2.5,
field_9320_f,zPosition,Release 1.2.5,
field_9321_e,yPosition,Release 1.2.5,
field_9322_d,xPosition,Release 1.2.5,
field_9323_Z,newPosX,Release 1.2.5,
field_9324_Y,newPosRotationIncrements,Release 1.2.5,
field_9325_U,field_9325_U,Release 1.0.0,
field_9326_T,field_9326_T,Release 1.0.0,
field_9327_S,dead,Release 1.2.5,
field_9328_R,cameraPitch,Release 1.2.5,
field_9329_Q,prevCameraPitch,Release 1.2.5,
field_933_a,field_933_a,Release 1.0.0,
field_9330_P,attackTime,Release 1.2.5,
field_9331_N,attackedAtYaw,Release 1.2.5,
field_9332_M,maxHurtTime,Release 1.2.5,
field_9333_am,moveSpeed,Release 1.2.5,
field_9334_al,defaultPitch,Release 1.2.5,
field_9335_K,prevHealth,Release 1.2.5,
field_9336_ak,isJumping,Release 1.2.5,
field_9337_J,health,Release 1.2.5,
field_9338_aj,randomYawVelocity,Release 1.2.5,
field_9339_I,swingProgress,Release 1.2.5,
field_934_b,height,Release 1.2.5,
field_9340_ai,moveForward,Release 1.2.5,
field_9341_H,prevSwingProgress,Release 1.2.5,
field_9342_ah,moveStrafing,Release 1.2.5,
field_9343_G,isMultiplayerEntity,Release 1.0.0,
field_9344_ag,entityAge,Release 1.2.5,
field_9345_F,field_9345_F,Release 1.0.0,
field_9346_af,naturalArmorRating,Release 1.2.5,
field_9347_E,scoreValue,Release 1.2.5,
field_9348_ae,field_9348_ae,Release 1.0.0,
field_9349_D,field_9349_D,Release 1.0.0,
field_935_a,width,Release 1.2.5,
field_9350_ad,newRotationPitch,Release 1.2.5,
field_9351_C,entityType,Release 1.2.5,
field_9352_ac,newRotationYaw,Release 1.2.5,
field_9353_B,field_9353_B,Release 1.0.0,
field_9354_ab,newPosZ,Release 1.2.5,
field_9355_A,field_9355_A,Release 1.0.0,
field_9356_aa,newPosY,Release 1.2.5,
field_9357_z,texture,Release 1.2.5,
field_9358_y,field_9358_y,Release 1.0.0,
field_9359_x,field_9359_x,Release 1.0.0,
field_936_h,drawButton,Release 1.2.5,
field_9360_w,field_9360_w,Release 1.0.0,
field_9361_v,field_9361_v,Release 1.0.0,
field_9362_u,field_9362_u,Release 1.0.0,
field_9363_r,field_9363_r,Release 1.0.0,
field_9364_q,field_9364_q,Alpha 1.2.6,
field_9365_p,field_9365_p,Release 1.0.0,
field_9366_o,heartsHalvesLife,Release 1.2.5,
field_9368_k,swingProgressInt,Release 1.2.5,
field_9369_j,isSwinging,Release 1.2.5,
field_937_g,enabled,Release 1.2.5,
field_9370_g,score,Release 1.2.5,
field_9371_f,unusedByte,Release 1.0.0,
field_9373_b,field_9373_b,Beta 1.4_01,
field_9374_bx,inPortal,Beta 1.4_01,
field_9376_bB,oldPosZ,Release 1.2.5,
field_9377_bA,oldPosY,Release 1.2.5,
field_9378_bz,oldMinY,Release 1.2.5,
field_9379_by,oldPosX,Release 1.2.5,
field_938_f,id,Release 1.2.5,
field_9380_bx,inventoryUpdateTickCounter,Release 1.2.5,
field_9381_bG,wasSneaking,Release 1.2.5,
field_9382_bF,wasOnGround,Release 1.2.5,
field_9383_bE,field_9383_bE,Alpha 1.2.6,
field_9384_bD,oldRotationPitch,Release 1.2.5,
field_9385_bC,oldRotationYaw,Release 1.2.5,
field_9386_l,velocityZ,Release 1.2.5,
field_9387_k,velocityY,Release 1.2.5,
field_9388_j,velocityX,Release 1.2.5,
field_9389_i,boatPitch,Release 1.2.5,
field_939_e,displayString,Release 1.2.5,
field_9390_h,boatYaw,Release 1.2.5,
field_9391_g,boatZ,Release 1.2.5,
field_9392_f,boatY,Release 1.2.5,
field_9393_e,boatX,Release 1.2.5,
field_9394_d,boatPosRotationIncrements,Release 1.2.5,
field_9395_l,ticksInAir,Release 1.2.5,
field_9396_k,ticksAlive,Release 1.2.5,
field_9397_j,shootingEntity,Release 1.2.5,
field_9398_i,inGround,Release 1.2.5,
field_9399_h,inTile,Release 1.2.5,
field_940_d,yPosition,Release 1.2.5,
field_9400_g,zTile,Release 1.2.5,
field_9401_f,yTile,Release 1.2.5,
field_9402_e,xTile,Release 1.2.5,
field_9403_d,accelerationZ,Release 1.2.5,
field_9404_c,accelerationY,Release 1.2.5,
field_9405_b,accelerationX,Release 1.2.5,
field_9406_a,field_9406_a,Beta 1.7.3,
field_9407_s,velocityZ,Release 1.2.5,
field_9408_r,velocityY,Release 1.2.5,
field_9409_q,velocityX,Release 1.2.5,
field_941_c,xPosition,Release 1.2.5,
field_9410_p,minecartPitch,Release 1.2.5,
field_9411_o,minecartYaw,Release 1.2.5,
field_9412_n,minecartZ,Release 1.2.5,
field_9413_m,minecartY,Release 1.2.5,
field_9414_l,minecartX,Release 1.2.5,
field_9415_k,turnProgress,Release 1.2.5,
field_9416_g,pushZ,Release 1.2.5,
field_9417_f,pushX,Release 1.2.5,
field_9418_e,fuel,Release 1.2.5,
field_9419_j,recordPlayingUpFor,Release 1.2.5,
field_942_l,idFloat,Release 1.2.5,
field_9420_i,recordPlaying,Release 1.2.5,
field_9421_h,updateCounter,Release 1.2.5,
field_9422_g,mc,Release 1.2.5,
field_9423_f,rand,Release 1.2.5,
field_9426_L,ambientTickCountdown,Release 1.2.5,
field_9427_K,activeChunkSet,Release 1.2.5,
field_9428_I,collidingBoundingBoxes,Release 1.2.5,
field_9429_y,lightingUpdatesScheduled,Beta 1.7.3,
field_943_j,dragging,Release 1.2.5,
field_9430_x,findingSpawnPoint,Release 1.2.5,
field_9431_w,field_9431_w,Beta 1.2_02,
field_9432_t,savePath,Beta 1.2_02,
field_9433_s,worldFile,Beta 1.2_02,
field_9434_r,worldAccesses,Release 1.2.5,
field_9435_j,autosavePeriod,Release 1.2.5,
field_9436_h,DIST_HASH_MAGIC,Release 1.2.5,
field_9437_g,updateLCG,Release 1.2.5,
field_9438_k,netClientHandler,Release 1.2.5,
field_9439_j,isHittingBlock,Release 1.2.5,
field_944_i,sliderValue,Release 1.2.5,
field_9440_i,blockHitDelay,Release 1.2.5,
field_9441_h,stepSoundTickCounter,Release 1.2.5,
field_9442_f,curBlockDamageMP,Release 1.2.5,
field_9443_e,currentblockZ,Release 1.2.5,
field_9444_d,currentBlockY,Release 1.2.5,
field_9445_c,currentBlockX,Release 1.2.5,
field_945_b,mc,Release 1.2.5,
field_9451_b,itemToRender,Release 1.2.5,
field_9452_d,prevEquippedProgress,Release 1.2.5,
field_9453_c,equippedProgress,Release 1.2.5,
field_946_a,selectedButton,Release 1.2.5,
field_948_f,allowUserInput,Release 1.2.5,
field_949_e,controlList,Release 1.2.5,
field_950_d,height,Release 1.2.5,
field_951_c,width,Release 1.2.5,
field_952_a,clientHandler,Release 1.2.5,
field_953_h,cancelled,Release 1.2.5,
field_954_a,screenTitle,Release 1.2.5,
field_955_j,buttonId,Release 1.2.5,
field_956_i,options,Release 1.2.5,
field_957_h,parentScreen,Release 1.2.5,
field_958_a,parentScreen,Release 1.2.5,
field_959_i,selected,Release 1.2.5,
field_960_h,screenTitle,Release 1.2.5,
field_961_a,parentScreen,Release 1.2.5,
field_962_j,worldNumber,Release 1.2.5,
field_963_i,message2,Release 1.2.5,
field_964_h,message1,Release 1.2.5,
field_965_a,updateCounter,Release 1.2.5,
field_966_a,updateCounter2,Release 1.2.5,
field_967_h,updateCounter,Release 1.2.5,
field_968_a,parentScreen,Release 1.2.5,
field_969_i,serverAddress,Beta 1.2_02,
field_970_h,updateCounter,Beta 1.2_02,
field_971_a,xSize,Release 1.2.5,
field_972_j,itemRenderer,Release 1.2.5,
field_973_i,inventorySlots,Release 1.2.5,
field_974_h,ySize,Release 1.2.5,
field_975_m,ySize_lo,Release 1.2.5,
field_976_l,xSize_lo,Release 1.2.5,
field_977_j,field_977_j,Alpha 1.2.6,
field_978_j,furnaceInventory,Release 1.2.5,
field_979_j,field_979_j,Alpha 1.2.6,
field_980_m,inventoryRows,Release 1.2.5,
field_981_l,lowerChestInventory,Release 1.2.5,
field_982_j,upperChestInventory,Release 1.2.5,
field_983_a,netHandler,Release 1.2.5,
field_984_h,updateCounter,Release 1.2.5,
field_985_a,message,Release 1.0.0,
field_986_h,updateCounter,Release 1.0.0,
field_989_j,updateCounter,Release 1.2.5,
field_990_i,logoEffects,Beta 1.2_02,
field_992_a,errorMessage,Release 1.2.5,
field_993_h,errorDetail,Release 1.2.5,
field_994_a,screenTitle,Release 1.2.5,
field_995_i,options,Release 1.2.5,
field_996_h,parentScreen,Release 1.2.5,
field_997_a,message1,Release 1.2.5,
field_998_h,message2,Release 1.2.5,
field_999_a,screenTitle,Release 1.2.5,
