SRG,MCP,Version
func_1000_a,addEntity,Release 1.6.4
func_1001_a,addTileEntity,Release 1.6.4
func_1002_d,getChunkBlockTileEntity,Release 1.6.4
func_1003_g,relightBlock,Release 1.6.4
func_1004_a,setChunkData,Release 1.0.0
func_1005_a,setChunkBlockTileEntity,Release 1.6.4
func_1006_f,setChunkModified,Release 1.6.4
func_1007_c,canBlockSeeTheSky,Release 1.6.4
func_1008_a,getBlockID,Release 1.6.4
func_1009_b,setBlockMetadata,Release 1.6.4
func_1010_a,setBlockIDWithMetadata,Release 1.6.4
func_1011_a,setLightValue,Release 1.6.4
func_1012_a,needsSaving,Release 1.6.4
func_1013_a,getEntitiesOfTypeWithinAAAB,Release 1.6.4
func_1014_a,func_1014_a,Release 1.0.0
func_1015_b,removeEntity,Release 1.6.4
func_1016_a,removeEntityAtIndex,Release 1.6.4
func_1017_a,isAtLocation,Release 1.6.4
func_1018_b,generateHeightMap,Release 1.6.4
func_1019_c,getBlockLightValue,Release 1.6.4
func_1020_f,checkSkylightNeighborHeight,Release 1.6.4
func_1021_b,getBlockMetadata,Release 1.6.4
func_1022_a,setBlockID,Release 1.4.7
func_1023_e,removeChunkBlockTileEntity,Release 1.6.4
func_1024_c,generateSkylightMap,Release 1.6.4
func_1025_a,getSavedLightValue,Release 1.6.4
func_1026_a,setRenderingContext,Beta 1.2_02
func_1028_a,hasSpecialRenderer,Release 1.6.4
func_1030_a,renderTileEntity,Release 1.6.4
func_1031_b,getSpecialRendererForEntity,Release 1.6.4
func_1032_a,renderTileEntityAt,Release 1.6.4
func_1033_a,sortBack,Release 1.6.4
func_1034_a,addPoint,Release 1.6.4
func_1035_a,changeDistance,Release 1.6.4
func_1036_b,dequeue,Release 1.6.4
func_1037_b,sortForward,Release 1.6.4
func_1038_a,clearPath,Release 1.6.4
func_1039_c,isPathEmpty,Release 1.6.4
func_1040_a,compareRecipes,Release 1.6.4
func_1041_b,saveOptions,Release 1.6.4
func_1042_a,setKeyBinding,Release 1.6.4
func_1043_a,getKeyBinding,Release 1.6.4
func_1045_b,setOptionValue,Release 1.6.4
func_1046_b,getOptionControlType,Alpha 1.2.6
func_1047_d,getOptionDisplayString,Release 1.6.4
func_1048_a,setOptionFloatValue,Release 1.6.4
func_1049_c,getOptionFloatValue,Alpha 1.2.6
func_1050_a,parseFloat,Release 1.6.4
func_1051_a,addRecipes,Release 1.6.4
func_1052_b,removeObject,Release 1.6.4
func_1053_a,insert,Release 1.6.4
func_1054_c,removeEntry,Release 1.6.4
func_1055_e,computeHash,Release 1.6.4
func_1056_d,getHash,Release 1.6.4
func_1057_a,lookup,Release 1.6.4
func_1058_a,clearMap,Release 1.6.4
func_1059_a,copyTo,Release 1.6.4
func_1060_f,grow,Release 1.6.4
func_1061_a,addKey,Release 1.6.4
func_1062_a,getSlotIndex,Release 1.6.4
func_1063_a,sortByDistanceToEntity,Release 1.6.4
func_1064_values,func_1064_values,Alpha 1.2.6
func_1065_b,refreshTextures,Release 1.4.7
func_1066_a,registerTextureFX,Release 1.4.7
func_1067_a,updateDynamicTextures,Release 1.4.7
func_1068_a,setupTexture,Release 1.4.7
func_1069_b,unwrapImageByColumns,Release 1.4.7
func_1070_a,getTexture,Release 1.4.7
func_1071_a,getTextureForDownloadableImage,Release 1.4.7
func_1072_a,averageColor,Beta 1.7.3
func_1073_b,releaseImageData,Release 1.4.7
func_1074_a,allocateAndSetupTexture,Release 1.4.7
func_1075_a,obtainImageData,Release 1.4.7
func_1076_b,bindTexture,Release 1.4.7
func_1077_b,alphaBlend,Release 1.2.5
func_1078_a,deleteTexture,Release 1.4.7
func_1079_a,createEntityByName,Release 1.6.4
func_1080_a,addMapping,Release 1.6.4
func_1081_a,createEntityFromNBT,Release 1.6.4
func_1082_a,getEntityID,Release 1.6.4
func_1083_b,getEntityString,Release 1.6.4
func_1084_a,createEntityByID,Release 1.6.4
func_1085_a,splitStack,Release 1.6.4
func_1086_a,writeToNBT,Release 1.6.4
func_1087_a,hitBlock,Beta 1.2_02
func_1088_b,getIconIndex,Release 1.6.4
func_1089_c,getMaxStackSize,Release 1.6.4
func_1090_a,useItem,Release 1.2.5
func_1091_a,getItem,Release 1.6.4
func_1092_a,hitEntity,Release 1.6.4
func_1093_a,useItemRightClick,Release 1.6.4
func_1094_d,getMaxDamage,Release 1.6.4
func_1095_a,getDamageVsEntity,Release 1.4.7
func_1096_b,readFromNBT,Release 1.6.4
func_1097_a,onItemDestroyedByUse,Release 1.2.5
func_1098_a,getStrVsBlock,Release 1.6.4
func_1099_b,canHarvestBlock,Release 1.6.4
func_1100_b,useItemOnEntity,Release 1.2.5
func_1101_b,damageItem,Beta 1.2_02
func_1102_e,copy,Release 1.6.4
func_1103_a,onCraftMatrixChanged,Release 1.6.4
func_1104_a,onContainerClosed,Release 1.6.4
func_1105_values,func_1105_values,Alpha 1.2.6
func_1106_a,sin,Release 1.6.4
func_1107_a,abs_max,Release 1.6.4
func_1108_b,floor_double,Release 1.6.4
func_1109_a,sqrt_double,Release 1.6.4
func_1110_d,floor_float,Release 1.6.4
func_1111_a,bucketInt,Release 1.6.4
func_1112_e,abs,Release 1.6.4
func_1113_c,sqrt_float,Release 1.6.4
func_1114_b,cos,Release 1.6.4
func_1115_a,setTexturePosition,Release 1.6.4
func_1116_a,getRandomSound,Release 1.6.4
func_1117_a,addSound,Release 1.6.4
func_1118_a,getRandomSoundFromSoundPool,Release 1.6.4
func_1119_a,craft,Alpha 1.2.6
func_1120_a,getInstance,Release 1.6.4
func_1121_a,addRecipe,Release 1.2.5
func_1122_a,addRecipes,Release 1.6.4
func_1123_d,createDirectFloatBuffer,Release 1.6.4
func_1124_a,generateDisplayLists,Release 1.6.4
func_1125_c,createDirectIntBuffer,Release 1.6.4
func_1126_a,deleteTexturesAndDisplayLists,Release 1.6.4
func_1127_b,createDirectByteBuffer,Release 1.6.4
func_1128_a,generateTextureNames,Release 1.4.7
func_1129_a,addToPath,Release 1.6.4
func_1130_a,createEntityPathTo,Release 1.6.4
func_1131_a,createEntityPathTo,Release 1.6.4
func_1132_a,getVerticalOffset,Release 1.6.4
func_1133_b,findPathOptions,Release 1.6.4
func_1134_a,createEntityPath,Release 1.6.4
func_1135_a,getSafePoint,Release 1.6.4
func_1136_a,openPoint,Release 1.6.4
func_1137_a,createEntityPathTo,Release 1.6.4
func_1138_a,readCompressed,Release 1.6.4
func_1139_a,write,Release 1.6.4
func_1140_a,func_1140_a,Alpha 1.2.6
func_1141_a,read,Release 1.6.4
func_1142_a,func_1142_a,Alpha 1.2.6
func_1143_a,writeCompressed,Release 1.6.4
func_1144_c,getPitch,Release 1.6.4
func_1145_d,getStepSound,Release 1.6.4
func_1146_a,getBreakSound,Release 1.6.4
func_1147_b,getVolume,Release 1.6.4
func_1148_a,addRecipes,Release 1.6.4
func_1152_a,isBoxInFrustum,Release 1.6.4
func_1153_b,init,Release 1.6.4
func_1154_a,normalize,Release 1.6.4
func_1155_a,getInstance,Release 1.6.4
func_1156_a,setColorBuffer,Release 1.6.4
func_1157_a,setColorBuffer,Release 1.6.4
func_1158_b,enableStandardItemLighting,Release 1.6.4
func_1159_a,disableStandardItemLighting,Release 1.6.4
func_1160_c,copy,Release 1.6.4
func_1161_b,getBoundingBoxFromPool,Release 1.2.5
func_1162_c,calculateZOffset,Release 1.6.4
func_1163_a,calculateXOffset,Release 1.6.4
func_1164_b,getAverageEdgeLength,Release 1.6.4
func_1165_c,setBounds,Release 1.6.4
func_1166_c,getOffsetBoundingBox,Release 1.6.4
func_1167_a,isVecInYZ,Release 1.6.4
func_1168_a,getBoundingBox,Release 1.6.4
func_1169_a,calculateIntercept,Release 1.6.4
func_1170_a,addCoord,Release 1.6.4
func_1171_b,setBB,Release 1.6.4
func_1172_b,calculateYOffset,Release 1.6.4
func_1174_d,offset,Release 1.6.4
func_1175_b,isVecInXZ,Release 1.6.4
func_1176_c,isVecInXY,Release 1.6.4
func_1177_b,expand,Release 1.6.4
func_1178_a,intersectsWith,Release 1.6.4
func_1179_a,isAssigned,Release 1.6.4
func_1180_a,distanceTo,Release 1.6.4
func_1182_a,matchRecipe,Alpha 1.2.6
func_1183_b,createResult,Alpha 1.2.6
func_1184_a,getRecipeSize,Release 1.6.4
func_1185_a,matches,Alpha 1.2.6
func_1186_a,addBlockDestroyEffects,Release 1.6.4
func_1187_b,func_1187_b,Release 1.6.4
func_1188_a,clearEffects,Release 1.6.4
func_1189_a,renderParticles,Release 1.6.4
func_1190_b,getStatistics,Release 1.6.4
func_1191_a,addBlockHitEffects,Release 1.6.4
func_1192_a,addEffect,Release 1.6.4
func_1193_a,updateEffects,Release 1.6.4
func_1194_f,markDirty,Release 1.6.4
func_1195_b,setDontDraw,Release 1.6.4
func_1196_e,skipAllRenderPasses,Release 1.6.4
func_1197_a,setPosition,Release 1.6.4
func_1198_a,updateRenderer,Release 1.6.4
func_1199_a,updateInFrustum,Release 1.6.4
func_1200_a,getGLCallListForPass,Release 1.6.4
func_1201_d,callOcclusionQueryList,Release 1.6.4
func_1202_a,distanceToEntitySquared,Release 1.6.4
func_1203_g,setupGLTranslation,Release 1.6.4
func_1204_c,stopRendering,Release 1.6.4
func_1205_a,getPosition,Release 1.0.0
func_1206_a,incrementPathIndex,Release 1.6.4
func_1207_b,isFinished,Release 1.6.4
func_1208_b,closeMinecraft,Release 1.4.7
func_1209_a,loadResource,Release 1.4.7
func_1210_a,reloadResources,Release 1.4.7
func_1211_a,downloadAndInstallResource,Release 1.4.7
func_1212_a,downloadResource,Release 1.4.7
func_1213_a,checkARBOcclusion,Release 1.6.4
func_1214_n,renderBlockStairs,Release 1.6.4
func_1216_f,renderBlockMinecartTrack,Release 1.6.4
func_1217_b,renderFaceYPos,Release 1.6.4
func_1218_o,renderBlockDoor,Release 1.6.4
func_1219_a,renderItemIn3d,Release 1.6.4
func_1220_c,renderFaceZNeg,Release 1.6.4
func_1221_g,renderBlockLadder,Release 1.6.4
func_1222_j,renderBlockFluids,Release 1.6.4
func_1223_a,renderBlockUsingTexture,Release 1.6.4
func_1224_a,getFluidHeight,Release 1.6.4
func_12243_a,createExplosion,Release 1.6.4
func_12244_a,newExplosion,Release 1.6.4
func_12245_a,handleExplosion,Release 1.6.4
func_12246_a,getEntityByID,Release 1.6.4
func_12247_b,doExplosionB,Release 1.6.4
func_12248_a,doExplosionA,Release 1.6.4
func_1225_d,renderFaceZPos,Release 1.6.4
func_1226_h,renderCrossedSquares,Release 1.6.4
func_1227_a,renderBlockAsItem,Release 1.6.4
func_1228_k,renderStandardBlock,Release 1.6.4
func_1229_c,renderBlockLever,Release 1.6.4
func_1230_b,renderBlockCactusImpl,Release 1.6.4
func_1231_e,renderFaceXNeg,Release 1.6.4
func_1232_i,renderBlockStem,Release 1.6.4
func_1233_l,renderBlockCactus,Release 1.6.4
func_1234_a,renderBlockByRenderType,Release 1.6.4
func_1235_d,renderBlockFire,Release 1.6.4
func_1236_f,renderFaceXPos,Release 1.6.4
func_1237_a,renderTorchAtAngle,Release 1.6.4
func_1238_a,func_1238_a,Beta 1.2_02
func_1239_a,drawCrossedSquares,Release 1.6.4
func_1240_m,renderBlockFence,Beta 1.7.3
func_1241_b,renderBlockTorch,Release 1.6.4
func_1242_e,renderBlockRedstoneWire,Release 1.6.4
func_1243_a,renderBlockFallingSand,Release 1.2.5
func_1244_a,renderFaceYNeg,Release 1.6.4
func_1245_b,renderBlockCropsImpl,Release 1.6.4
func_1246_b,crossProduct,Release 1.6.4
func_1247_a,getIntermediateWithXValue,Release 1.6.4
func_1248_b,createVector,Release 1.2.5
func_1249_b,rotateAroundY,Release 1.6.4
func_1250_b,getIntermediateWithYValue,Release 1.6.4
func_1251_c,distanceTo,Release 1.6.4
func_1252_b,normalize,Release 1.6.4
func_1253_c,lengthVector,Release 1.6.4
func_1254_e,setComponents,Release 1.6.4
func_1255_d,squareDistanceTo,Release 1.6.4
func_1256_c,getIntermediateWithZValue,Release 1.6.4
func_1257_c,addVector,Release 1.6.4
func_1258_a,rotateAroundX,Release 1.6.4
func_1259_a,initialize,Release 1.2.5
func_1260_a,createVectorHelper,Release 1.6.4
func_1261_d,squareDistanceTo,Release 1.6.4
func_1262_a,subtract,Release 1.6.4
func_1263_a,getWorkingDirectory,Release 1.2.5
func_1264_a,getWorkingDirectory,Release 1.2.5
func_1265_d,render,Release 1.2.5
func_1266_a,setBrightness,Release 1.2.5
func_1267_a,getZone,Release 1.2.5
func_1268_a,render,Release 1.2.5
func_1269_e,getPlatform,Release 1.2.5
func_1270_b,loadLevel,Release 1.2.5
func_1271_a,isRunning,Release 1.2.5
func_1272_b,start,Release 1.2.5
func_1273_c,stop,Release 1.2.5
func_140_a,loadDownloadableImageTexture,Release 1.4.7
func_141_b,doRenderShadowAndFire,Release 1.6.4
func_142_a,renderAABB,Release 1.6.4
func_144_c,renderShadow,Release 1.6.4
func_145_a,renderShadowOnBlock,Release 1.6.4
func_146_a,renderOffsetAABB,Release 1.6.4
func_147_a,doRender,Release 1.6.4
func_148_a,renderEntityOnFire,Release 1.6.4
func_149_b,getWorldFromRenderManager,Release 1.6.4
func_151_a,loadTexture,Release 1.4.7
func_152_a,renderTheMinecart,Release 1.6.4
func_15232_h,func_15232_h,Alpha 1.2.6
func_15233_j,func_15233_j,Alpha 1.2.6
func_15234_j,func_15234_j,Alpha 1.2.6
func_153_a,renderPrimedTNT,Release 1.6.4
func_154_a,renderArrow,Release 1.6.4
func_155_a,func_155_a,Alpha 1.2.6
func_156_a,doRenderFallingSand,Release 1.6.4
func_157_a,renderBoat,Release 1.6.4
func_158_a,renderThePainting,Release 1.6.4
func_159_a,func_159_a,Release 1.0.0
func_160_a,func_160_a,Release 1.0.0
func_161_a,renderItemIntoGUI,Release 1.6.4
func_162_a,renderQuad,Release 1.6.4
func_163_a,renderTexturedQuad,Release 1.4.7
func_164_b,renderItemOverlayIntoGUI,Release 1.6.4
func_165_a,doRenderItem,Release 1.6.4
func_166_a,shouldRenderPass,Release 1.6.4
func_167_c,renderSwingProgress,Release 1.6.4
func_170_d,handleRotationFloat,Release 1.6.4
func_171_a,doRenderLiving,Release 1.6.4
func_172_a,getDeathMaxRotation,Release 1.6.4
func_173_a,getColorMultiplier,Release 1.6.4
func_175_a,preRenderScale,Release 1.6.4
func_176_a,setWoolColorAndRender,Release 1.6.4
func_177_a,renderCow,Release 1.4.7
func_178_a,scaleSlime,Release 1.6.4
func_179_a,renderSlimePassModel,Beta 1.7.3
func_180_a,renderSaddledPig,Release 1.6.4
func_181_a,renderChicken,Release 1.6.4
func_182_a,getWingRotation,Release 1.6.4
func_183_a,updateCreeperColorMultiplier,Release 1.6.4
func_184_a,updateCreeperScale,Release 1.6.4
func_185_b,drawFirstPersonHand,Release 1.2.5
func_186_b,renderPlayerScale,Release 1.6.4
func_187_a,setArmorModel,Release 1.6.4
func_188_a,renderPlayer,Release 1.6.4
func_190_a,setSpiderEyeBrightness,Release 1.6.4
func_191_a,setSpiderDeathMaxRotation,Release 1.6.4
func_192_a,onItemUse,Release 1.2.5
func_193_a,onItemRightClick,Release 1.6.4
func_196_a,getIconIndex,Release 1.6.4
func_197_c,getMaxDamage,Release 1.6.4
func_200_b,getItemStackLimit,Release 1.6.4
func_203_a,hitBlock,Beta 1.2_02
func_204_a,getStrVsBlock,Release 1.6.4
func_207_d,colorMultiplier,Release 1.6.4
func_208_a,updateTick,Release 1.6.4
func_209_d,canProvidePower,Release 1.6.4
func_210_f,getRenderType,Release 1.6.4
func_211_a,getBlockTexture,Release 1.6.4
func_212_i,unusedMethod,Beta 1.2_02
func_213_a,setBlockBounds,Release 1.6.4
func_214_b,onBlockRemoval,Release 1.2.5
func_215_a,setLightValue,Release 1.6.4
func_216_a,dropBlockAsItemWithChance,Release 1.6.4
func_217_b,isOpaqueCube,Release 1.6.4
func_218_a,getBlockTextureFromSide,Release 1.6.4
func_219_b,setResistance,Release 1.6.4
func_220_a_,harvestBlock,Release 1.6.4
func_221_d,getCollisionBoundingBoxFromPool,Release 1.6.4
func_222_c,setHardness,Release 1.6.4
func_223_g,canBlockStay,Release 1.6.4
func_224_a,canCollideCheck,Release 1.6.4
func_225_a,blockStrength,Release 1.2.5
func_226_a,onNeighborBlockChange,Release 1.6.4
func_227_a,getExplosionResistance,Release 1.6.4
func_228_c,isIndirectlyPoweringTo,Release 1.6.4
func_229_a,quantityDropped,Release 1.6.4
func_230_a,getCollidingBoundingBoxes,Release 1.2.5
func_231_b,isPoweringTo,Release 1.6.4
func_232_a,getIcon,Release 1.6.4
func_233_b,onBlockClicked,Release 1.6.4
func_234_g,getRenderBlockPass,Release 1.6.4
func_235_e,onBlockAdded,Release 1.6.4
func_236_b,onEntityCollidedWithBlock,Release 1.6.4
func_237_e,setBlockBoundsForItemRender,Release 1.6.4
func_238_a,setBlockBoundsBasedOnState,Release 1.6.4
func_240_a,idDropped,Release 1.6.4
func_241_c,getBlockBrightness,Release 1.6.4
func_242_c,renderAsNormalBlock,Release 1.6.4
func_243_a,canPlaceBlockAt,Release 1.6.4
func_244_a,isVecInsideYZBounds,Release 1.6.4
func_245_h,isCollidable,Release 1.6.4
func_246_f,getSelectedBoundingBoxFromPool,Release 1.6.4
func_247_b,randomDisplayTick,Release 1.6.4
func_249_b,isVecInsideXZBounds,Release 1.6.4
func_250_a,blockActivated,Release 1.2.5
func_251_c,isVecInsideXYBounds,Release 1.6.4
func_252_b,onBlockDestroyedByPlayer,Release 1.6.4
func_253_b,setTickRandomly,Release 1.6.4
func_254_a,onEntityWalking,Release 1.6.4
func_255_a,collisionRayTrace,Release 1.6.4
func_256_d,setLightOpacity,Release 1.6.4
func_257_a,velocityToAddToEntity,Release 1.6.4
func_258_d,onBlockPlaced,Release 1.2.5
func_259_b_,dropBlockAsItem,Release 1.6.4
func_260_c,shouldSideBeRendered,Release 1.6.4
func_261_b,canBlockCatchFire,Release 1.6.4
func_262_i,getChanceOfNeighborsEncouragingFire,Release 1.6.4
func_263_h,canNeighborBurn,Release 1.6.4
func_264_a,setBurnRate,Release 1.6.4
func_265_g,getChanceToEncourageFire,Release 1.6.4
func_266_a,tryToCatchBlockOnFire,Release 1.0.0
func_267_h,checkIfAttachedToBlock,Release 1.6.4
func_268_h,checkFlowerChange,Release 1.6.4
func_269_b,canThisPlantGrowOnThisBlockID,Release 1.6.4
func_270_i,getGrowthRate,Release 1.6.4
func_271_h,dropTorchIfCantStay,Release 1.6.4
func_273_a,checkForBurnout,Release 1.6.4
func_274_i,isWaterNearby,Release 1.6.4
func_275_h,isCropsNearby,Release 1.6.4
func_279_b,isPowerProviderOrWire,Release 1.6.4
func_280_h,updateAndPropagateCurrentStrength,Release 1.6.4
func_281_g,getMaxCurrentStrength,Release 1.6.4
func_282_i,notifyWireNeighborsOfNeighborChange,Release 1.6.4
func_283_a_,getBlockEntity,Release 1.2.5
func_284_h,setDefaultDirection,Release 1.6.4
func_285_a,updateFurnaceBlockState,Release 1.6.4
func_286_h,isThereANeighborChest,Release 1.6.4
func_287_j,checkForHarden,Release 1.6.4
func_288_b,getFluidHeightPercent,Release 1.6.4
func_289_b,getEffectiveFlowDecay,Release 1.6.4
func_290_h,getFlowDecay,Release 1.6.4
func_291_e,getFlowVector,Release 1.6.4
func_292_i,triggerLavaMixEffects,Release 1.6.4
func_293_a,getFlowDirection,Release 1.6.4
func_295_l,blockBlocksFlow,Release 1.6.4
func_296_f,getSmallestFlowDecay,Release 1.6.4
func_297_k,getOptimalFlowDirections,Release 1.6.4
func_298_m,liquidCanDisplaceBlock,Release 1.6.4
func_299_g,flowIntoBlock,Release 1.6.4
func_300_a,calculateFlowCost,Release 1.6.4
func_301_k,isFlammable,Release 1.6.4
func_303_h,checkBlockCoordValid,Release 1.6.4
func_305_h,redundantCanPlaceBlockAt,Release 1.6.4
func_308_h,func_308_h,Alpha 1.2.6
func_310_a,setGraphicsLevel,Release 1.6.4
func_311_a,onPoweredBlockChange,Release 1.6.4
func_312_c,getState,Release 1.0.0
func_313_b,setDoorRotation,Release 1.6.4
func_314_h,canSnowStay,Release 1.6.4
func_315_h,tryToFall,Release 1.6.4
func_316_a_,canFallBelow,Release 1.6.4
func_317_e,insertRecord,Release 1.2.5
func_318_h,setStateIfMobInteractsWithPlate,Release 1.6.4
func_319_i,sparkle,Release 1.6.4
func_320_h,glow,Release 1.6.4
func_321_a,addIdClassMapping,Release 1.6.4
func_322_a,writePacketData,Release 1.6.4
func_323_a,processPacket,Release 1.6.4
func_324_b,readPacket,Release 1.6.4
func_325_a,getNewPacket,Release 1.6.4
func_326_b,getPacketId,Release 1.6.4
func_327_a,readPacketData,Release 1.6.4
func_328_a,writePacket,Release 1.6.4
func_329_a,getPacketSize,Release 1.6.4
func_330_b,cleanup,Release 1.6.4
func_331_a,playStreaming,Release 1.6.4
func_335_a,onSoundOptionsChanged,Release 1.6.4
func_336_b,playSound,Release 1.6.4
func_337_a,playSoundFX,Release 1.6.4
func_338_a,setListener,Release 1.6.4
func_339_d,tryToSetLibraryAndCodecs,Release 1.6.4
func_340_a,loadSoundSettings,Release 1.4.7
func_342_a,isBoundingBoxInFrustum,Release 1.6.4
func_343_a,setPosition,Release 1.6.4
func_344_a,isBoxInFrustum,Release 1.6.4
func_345_I,isEntityInsideOpaqueBlock,Release 1.6.4
func_346_d,setAngles,Release 1.6.4
func_347_a,setPosition,Release 1.6.4
func_348_f,addVelocity,Release 1.6.4
func_349_c,moveEntity,Release 1.6.4
func_350_p,updateRidden,Release 1.6.4
func_351_a,moveFlying,Release 1.6.4
func_352_a,writeEntityToNBT,Release 1.6.4
func_353_a,interact,Release 1.6.4
func_354_B,isEntityAlive,Release 1.6.4
func_355_a,dealFireDamage,Release 1.6.4
func_357_b,readEntityFromNBT,Release 1.6.4
func_358_c,writeToNBTOptional,Release 1.6.4
func_359_G,handleLavaMovement,Release 1.6.4
func_360_d,getDistanceSq,Release 1.6.4
func_361_e,getDistance,Release 1.6.4
func_363_d,writeToNBT,Release 1.6.4
func_364_b,addToPlayerScore,Release 1.6.4
func_365_c,setLocationAndAngles,Release 1.6.4
func_366_i_,updateRiderPosition,Release 1.6.4
func_367_b,dropItem,Release 1.6.4
func_368_e,readFromNBT,Release 1.6.4
func_370_e_,onUpdate,Release 1.6.4
func_371_a,setSize,Release 1.6.4
func_372_f_,getBoundingBox,Release 1.6.4
func_373_s,getEyeHeight,Release 1.6.4
func_374_q,preparePlayerToSpawn,Release 1.6.4
func_375_a,newDoubleNBTList,Release 1.6.4
func_376_c,setRotation,Release 1.6.4
func_377_a,newFloatNBTList,Release 1.6.4
func_378_a,setPositionAndRotation2,Release 1.6.4
func_379_d,getDistanceToEntity,Release 1.6.4
func_380_f,applyEntityCollision,Release 1.6.4
func_381_o,isSneaking,Release 1.6.4
func_382_a,getBrightness,Release 1.6.4
func_383_b_,getCollisionBox,Release 1.6.4
func_384_a,isInRangeToRenderDist,Release 1.6.4
func_385_d_,canBePushed,Release 1.6.4
func_387_e,getDistanceSqToEntity,Release 1.6.4
func_388_v,getYOffset,Release 1.6.4
func_389_H,getEntityString,Release 1.6.4
func_390_a,isInRangeToRenderVec3D,Release 1.6.4
func_391_y,onEntityUpdate,Release 1.6.4
func_392_h_,getShadowSize,Release 1.6.4
func_393_a,isInsideOfMaterial,Release 1.6.4
func_394_a,dropItemWithOffset,Release 1.6.4
func_395_F,setDead,Release 1.6.4
func_396_a,attackEntityFrom,Release 1.6.4
func_397_g_,handleWaterMovement,Release 1.6.4
func_398_a,setWorld,Release 1.6.4
func_399_b,setPositionAndRotation,Release 1.6.4
func_400_c,fall,Release 1.6.4
func_4007_a,displayUnexpectedThrowable,Release 1.2.5
func_4009_a,setRenderManager,Release 1.6.4
func_401_c_,canBeCollidedWith,Release 1.6.4
func_4011_a,doRenderFishHook,Release 1.6.4
func_4012_a,doRenderFireball,Release 1.6.4
func_4013_a,setRenderPassModel,Release 1.6.4
func_4014_a,preRenderGhast,Release 1.6.4
func_4015_a,renderSpecials,Release 1.6.4
func_4016_e,setFull3D,Release 1.6.4
func_4017_a,isFull3D,Release 1.6.4
func_4018_a,canHarvestBlock,Release 1.6.4
func_4019_b,useItemOnEntity,Release 1.2.5
func_402_h,getMountedYOffset,Release 1.6.4
func_4020_a,getDamageVsEntity,Release 1.4.7
func_4021_a,hitEntity,Release 1.6.4
func_4022_a,setIconIndex,Release 1.4.7
func_4023_b,shouldRotateAroundWhenRendering,Release 1.6.4
func_4024_a,setStepSound,Release 1.6.4
func_4025_d,tickRate,Release 1.6.4
func_4026_a,onBlockPlacedBy,Release 1.6.4
func_4027_c,onBlockDestroyedByExplosion,Release 1.6.4
func_403_b,isOffsetPositionInLiquid,Release 1.6.4
func_4031_h,refreshTrackShape,Release 1.6.4
func_4032_a_,tryToCreatePortal,Release 1.6.4
func_4033_c,playRandomMusicIfReady,Release 1.6.4
func_4034_G,kill,Release 1.6.4
func_4035_j_,getCollisionBorderSize,Release 1.6.4
func_4037_H,getLookVec,Release 1.6.4
func_4038_J,setOnFireFromLava,Release 1.6.4
func_4039_q,setInPortal,Release 1.6.4
func_404_c,getFXLayer,Release 1.6.4
func_4041_a,applyColourMultiplier,Release 1.6.4
func_4042_a,calculateVelocity,Release 1.6.4
func_4043_i,catchFish,Release 1.6.4
func_4044_a,damageEntity,Release 1.6.4
func_4045_l,getHeldItem,Release 1.6.4
func_4049_h,becomeAngryAt,Release 1.6.4
func_405_d,multipleParticleScaleBy,Release 1.6.4
func_4050_a,isCourseTraversable,Beta 1.4_01
func_4052_a,displayGUIEditSign,Release 1.6.4
func_4056_N,sendMotionUpdates,Release 1.6.4
func_4057_a,initializeNoiseField,Release 1.6.4
func_4058_b,replaceBlocksForBiome,Release 1.6.4
func_4059_a,generateNetherTerrain,Release 1.6.4
func_406_a,renderParticle,Release 1.6.4
func_4060_a,generateTerrain,Release 1.6.4
func_4061_a,initializeNoiseField,Release 1.6.4
func_4062_a,replaceBlocksForBiome,Release 1.6.4
func_4063_a,renderPumpkinBlur,Release 1.6.4
func_4064_a,renderVignette,Release 1.6.4
func_4065_b,renderPortalOverlay,Release 1.4.7
func_4066_a,renderGameOverlay,Release 1.6.4
func_4067_a,parseIntWithDefault,Release 1.2.5
func_4068_a,drawLogo,Beta 1.2_02
func_4069_a,func_4069_a,Release 1.0.0
func_407_b,multiplyVelocity,Release 1.6.4
func_4070_a,loadBlockGeneratorData,Release 1.6.4
func_4071_a,getTemperatures,Release 1.6.4
func_4072_b,getTemperature,Beta 1.7.3
func_4073_a,getBiomeGenAt,Release 1.6.4
func_4074_a,getBiomeGenAtChunkCoord,Release 1.0.0
func_4075_a,getWorldChunkManager,Release 1.6.4
func_4076_b,setSpawnLocation,Release 1.6.4
func_4078_a,neighborLightPropagationChanged,Beta 1.7.3
func_4079_a,getSkyColor,Release 1.6.4
func_408_a,setArrowHeading,Release 1.2.5
func_4080_j,tickBlocksAndAmbiance,Release 1.6.4
func_4081_a,createChunkProvider,Release 1.6.4
func_4082_d,getFogColor,Release 1.6.4
func_4083_e,getTopSolidOrLiquidBlock,Release 1.6.4
func_4084_a,updateEntityWithOptionalForce,Release 1.6.4
func_4085_a,func_4085_a,Release 1.0.0
func_4086_d,getLightValue,Release 1.6.4
func_4087_b,createPlayer,Release 1.2.5
func_409_i,explode,Release 1.6.4
func_4092_a,getChunkLoader,Beta 1.2_02
func_4093_b,generateLightBrightnessTable,Release 1.6.4
func_4094_c,createChunkGenerator,Release 1.6.4
func_4095_a,registerWorld,Release 1.6.4
func_4096_a,getFogColor,Release 1.6.4
func_4097_b,calcSunriseSunsetColors,Release 1.6.4
func_4098_a,registerWorldChunkManager,Release 1.6.4
func_410_i,onValidSurface,Release 1.6.4
func_4100_a,calculateCelestialAngle,Release 1.6.4
func_4101_a,getProviderForDimension,Release 1.6.4
func_4102_a,canCoordinateBeSpawn,Release 1.6.4
func_4103_a,onPickupFromSlot,Release 1.2.5
func_4104_e,getSlotStackLimit,Release 1.6.4
func_4105_a,isItemValid,Release 1.6.4
func_4106_b,placeInExistingPortal,Release 1.6.4
func_4107_a,placeInPortal,Release 1.6.4
func_4108_c,createPortal,Release 1.2.5
func_4109_a,generateNoiseOctaves,Release 1.6.4
func_411_c,func_411_c,Release 1.0.0
func_4110_a,func_4110_a,Release 1.0.0
func_4111_a,func_4111_a,Beta 1.7.3
func_4112_a,func_4112_a,Beta 1.7.3
func_4113_a,handleChat,Release 1.6.4
func_4114_b,unexpectedPacket,Release 1.6.4
func_4115_a,handleLogin,Release 1.6.4
func_4117_a,getEntityClassRenderObject,Release 1.6.4
func_4118_a,getEntitiesForType,Beta 1.2_02
func_4119_a,getSpawningChance,Release 1.6.4
func_412_b,func_412_b,Release 1.0.0
func_4120_a,generateBiomeLookup,Beta 1.7.3
func_4121_a,getBiomeFromLookup,Beta 1.7.3
func_4122_b,setEnableSnow,Beta 1.7.3
func_4123_b,setColor,Release 1.6.4
func_4124_a,func_4124_a,Release 1.0.0
func_4125_a,setBiomeName,Release 1.6.4
func_4126_a,getSkyColorByTemp,Release 1.6.4
func_4127_a,func_4127_a,Beta 1.7.3
func_4128_a,generateCaveNode,Release 1.6.4
func_4129_a,generateLargeCaveNode,Release 1.6.4
func_4130_f,setBurning,Release 1.6.4
func_4131_values,func_4131_values,Alpha 1.2.6
func_4132_a,renderItem,Release 1.6.4
func_4133_a,renderItemInFirstPerson,Release 1.6.4
func_4134_c,renderWorld,Release 1.6.4
func_4135_b,renderHand,Release 1.6.4
func_4136_b,updateCameraAndRender,Release 1.6.4
func_4137_h,updateFogColor,Release 1.6.4
func_4138_g,orientCamera,Release 1.6.4
func_4139_a,setupCameraTransform,Release 1.6.4
func_4140_a,setupFog,Release 1.6.4
func_4141_b,renderClouds,Release 1.6.4
func_4142_a,renderSky,Release 1.6.4
func_4143_d,func_4143_d,Release 1.0.0
func_4144_a,getSpecialRendererForClass,Release 1.6.4
func_4145_values,func_4145_values,Alpha 1.2.6
func_4146_a,getFoliageColor,Release 1.6.4
func_4147_a,getGrassColor,Release 1.6.4
func_4148_a,saveScreenshot,Release 1.6.4
func_4149_a,clearBoundingBoxPool,Release 1.2.5
func_415_z,spawnExplosionParticle,Release 1.6.4
func_4150_a,isVecInside,Release 1.6.4
func_4151_values,func_4151_values,Alpha 1.2.6
func_4152_a,renderStandardBlockWithColorMultiplier,Release 1.6.4
func_4153_a,getRandomSpawningPointInChunk,Release 1.6.4
func_4154_a,performSpawning,Release 1.2.5
func_4155_a,wrap,Beta 1.7.3
func_4156_a,func_4156_a,Beta 1.7.3
func_4157_a,func_4157_a,Beta 1.7.3
func_416_a,rayTrace,Release 1.6.4
func_417_b,updateRotation,Release 1.6.4
func_418_b_,updateEntityActionState,Release 1.6.4
func_419_b,onDeath,Release 1.6.4
func_420_c,canEntityBeSeen,Release 1.6.4
func_421_b,getTalkInterval,Release 1.6.4
func_422_g,getDropItemId,Release 1.6.4
func_424_C,jump,Release 1.6.4
func_425_j,onLivingUpdate,Release 1.6.4
func_426_b,faceEntity,Release 1.6.4
func_427_e,getPosition,Release 1.6.4
func_429_A,isOnLadder,Release 1.6.4
func_430_f,getLook,Release 1.6.4
func_431_d,getSwingProgress,Release 1.6.4
func_432_b,heal,Release 1.6.4
func_433_a,getCanSpawnHere,Release 1.6.4
func_434_a,knockBack,Release 1.6.4
func_435_b,moveEntityWithHeading,Release 1.6.4
func_437_a,attackEntity,Release 1.6.4
func_438_i,findPlayerToAttack,Release 1.6.4
func_439_a,getBlockPathWeight,Release 1.6.4
func_440_b,getCreeperFlashIntensity,Release 1.6.4
func_441_c,setSlimeSize,Release 1.6.4
func_443_a_,onItemPickup,Release 1.6.4
func_444_a,dropPlayerItemWithRandomChoice,Release 1.0.0
func_445_l,displayGUIWorkbench,Release 1.6.4
func_446_a,joinEntityItemWithWorld,Release 1.6.4
func_448_u,destroyCurrentEquippedItem,Release 1.6.4
func_449_a,dropPlayerItem,Release 1.0.0
func_450_a,getCurrentPlayerStrVsBlock,Release 1.6.4
func_451_h,collideWithPlayer,Release 1.6.4
func_452_a,displayGUIChest,Release 1.6.4
func_453_a,displayGUIFurnace,Release 1.6.4
func_454_b,canHarvestBlock,Release 1.6.4
func_457_w,swingItem,Release 1.6.4
func_458_k,resetPlayerKeyState,Beta 1.7.3
func_460_a,handleKeyPress,Beta 1.7.3
func_461_a,sendChatMessage,Release 1.6.4
func_463_a,attackTargetEntityWithCurrentItem,Release 1.6.4
func_465_i,getWorld,Release 1.6.4
func_466_g,func_466_g,Beta 1.4_01
func_467_a,setSnowballHeading,Beta 1.7.3
func_468_c,getStackInSlot,Release 1.6.4
func_469_c,getSizeInventory,Release 1.6.4
func_470_e,getInventoryStackLimit,Release 1.6.4
func_471_d,getInvName,Release 1.6.4
func_472_a,setInventorySlotContents,Release 1.6.4
func_473_a,decrStackSize,Release 1.6.4
func_474_j_,onInventoryChanged,Release 1.6.4
func_475_b,updateEntity,Release 1.6.4
func_476_a,addMapping,Release 1.6.4
func_477_c,createAndLoadEntity,Release 1.6.4
func_478_g,getBlockType,Release 1.6.4
func_479_f,getBlockMetadata,Release 1.6.4
func_480_a,getDistanceFrom,Release 1.6.4
func_481_b,writeToNBT,Release 1.6.4
func_482_a,readFromNBT,Release 1.6.4
func_483_c,updateDelay,Release 1.4.7
func_484_a,anyPlayerInRange,Release 1.4.7
func_485_a,isBurning,Release 1.6.4
func_486_d,getSmeltingResultItem,Alpha 1.2.6
func_487_i,smeltItem,Release 1.6.4
func_488_a,getItemBurnTime,Release 1.6.4
func_489_b,getBurnTimeRemainingScaled,Release 1.6.4
func_490_a,getCookProgressScaled,Release 1.6.4
func_491_j,canSmelt,Release 1.6.4
func_492_d,armorItemInSlot,Release 1.6.4
func_493_a,writeToNBT,Release 1.6.4
func_494_a,getCurrentItem,Release 1.6.4
func_495_b,addItemsToInventory,Alpha 1.2.6
func_496_a,setCurrentItem,Release 1.6.4
func_497_g,getFirstPartialMatchingStack,Alpha 1.2.6
func_498_a,changeCurrentItem,Release 1.6.4
func_499_j,getFirstEmptyStack,Release 1.6.4
func_500_a,compareInventory,Alpha 1.2.6
func_501_a,compareItemStack,Alpha 1.2.6
func_502_a,getDamageVsEntity,Release 1.4.7
func_503_g,dropAllItems,Release 1.6.4
func_504_a,addItemStackToInventory,Release 1.6.4
func_505_f,getInventorySlotContainItem,Release 1.6.4
func_506_f,getTotalArmorValue,Release 1.6.4
func_507_e,damageArmor,Release 1.6.4
func_508_a,getStrVsBlock,Release 1.6.4
func_509_b,canHarvestBlock,Release 1.6.4
func_510_b,consumeInventoryItem,Release 1.6.4
func_511_b,decrementAnimations,Release 1.6.4
func_512_i,copyInventory,Alpha 1.2.6
func_513_b,readFromNBT,Release 1.6.4
func_514_g,func_514_g,Release 1.0.0
func_515_a,func_515_a,Release 1.0.0
func_516_a,generate,Release 1.6.4
func_517_a,setScale,Release 1.6.4
func_518_b,generateLeaves,Release 1.6.4
func_519_e,validTreeLocation,Release 1.6.4
func_520_a,generateLeafNode,Release 1.6.4
func_521_a,generateLeafNodeList,Release 1.6.4
func_522_a,placeBlockLine,Release 1.6.4
func_523_a,genTreeLayer,Release 1.6.4
func_524_a,checkBlockLine,Release 1.6.4
func_525_d,generateLeafNodeBases,Release 1.6.4
func_526_b,leafSize,Release 1.6.4
func_527_c,leafNodeNeedsBase,Release 1.6.4
func_528_a,layerSize,Release 1.6.4
func_529_c,generateTrunk,Release 1.6.4
func_530_a,pickCheckLootItem,Release 1.4.7
func_531_b,pickMobSpawner,Release 1.6.4
func_532_a,unloadQueuedChunks,Release 1.6.4
func_533_b,provideChunk,Release 1.6.4
func_534_a,populate,Release 1.6.4
func_535_a,saveChunks,Release 1.6.4
func_536_b,canSave,Release 1.6.4
func_537_a,chunkExists,Release 1.6.4
func_538_d,loadChunk,Release 1.6.4
func_539_c,unloadChunk,Release 1.6.4
func_540_b,saveChunk,Release 1.2.5
func_541_a,saveExtraChunkData,Release 1.2.5
func_542_c,func_542_c,Release 1.0.0
func_543_c,func_543_c,Beta 1.2_02
func_547_b,drawString,Release 1.6.4
func_548_a,drawCenteredString,Release 1.6.4
func_549_a,drawGradientRect,Release 1.6.4
func_550_b,drawTexturedModalRect,Release 1.6.4
func_551_a,drawRect,Release 1.6.4
func_552_a,addChatMessage,Release 1.2.5
func_553_b,setRecordPlayingMessage,Release 1.6.4
func_554_a,renderInventorySlot,Release 1.6.4
func_555_a,updateTick,Release 1.6.4
func_558_a,getHoverState,Release 1.6.4
func_559_a,mouseReleased,Release 1.6.4
func_560_b,mouseDragged,Release 1.6.4
func_561_a,drawButton,Release 1.6.4
func_562_c,mousePressed,Release 1.6.4
func_564_d,handleInput,Release 1.6.4
func_565_a,mouseClicked,Release 1.6.4
func_566_e,handleMouseInput,Release 1.6.4
func_567_a,drawWorldBackground,Release 1.6.4
func_568_a,confirmClicked,Release 1.6.4
func_569_f,handleKeyboardInput,Release 1.6.4
func_570_g,updateScreen,Release 1.6.4
func_571_a,drawScreen,Release 1.6.4
func_572_a,actionPerformed,Release 1.6.4
func_573_b,mouseMovedOrUp,Release 1.6.4
func_574_c,getClipboardString,Release 1.6.4
func_578_i,drawDefaultBackground,Release 1.6.4
func_579_b,drawBackground,Release 1.6.4
func_580_a,keyTyped,Release 1.6.4
func_581_a,isCancelled,Release 1.2.5
func_582_a,setNetClientHandler,Release 1.6.4
func_583_b,getNetClientHandler,Release 1.6.4
func_584_c,selectWorld,Release 1.6.4
func_585_j,initButtons,Release 1.6.4
func_586_d,getWorldName,Beta 1.2_02
func_587_j,drawGuiContainerForegroundLayer,Release 1.6.4
func_588_a,getSlotAtPosition,Release 1.6.4
func_589_a,drawGuiContainerBackgroundLayer,Release 1.6.4
func_590_a,drawSlotInventory,Release 1.6.4
func_592_j,getRand,Beta 1.2_02
func_593_a,setLoadingProgress,Release 1.6.4
func_594_b,displayProgressMessage,Release 1.6.4
func_595_d,resetProgresAndWorkingMessage,Release 1.6.4
func_596_a,resetProgressAndMessage,Release 1.6.4
func_597_c,func_597_c,Release 1.0.0
func_598_c,getLightBrightness,Release 1.6.4
func_599_f,getBlockMaterial,Release 1.6.4
func_600_a,getBlockId,Release 1.6.4
func_601_g,isBlockOpaqueCube,Release 1.6.4
func_602_e,getBlockMetadata,Release 1.6.4
func_603_b,getBlockTileEntity,Release 1.6.4
func_604_a,checkNoEntityCollision,Release 1.6.4
func_605_c,isBoundingBoxBurning,Release 1.6.4
func_606_b,onEntityAdded,Release 1.6.4
func_607_d,removeEntity,Release 1.6.4
func_608_a,spawnPlayerWithLoadedChunks,Release 1.2.5
func_609_a,getClosestPlayerToEntity,Release 1.6.4
func_611_g,notifyBlocksOfNeighborChange,Release 1.6.4
func_612_i,onBlockHit,Release 1.0.0
func_613_a,addWorldAccess,Release 1.6.4
func_614_g,getFirstUncoveredBlock,Release 1.6.4
func_615_b,deleteWorld,Beta 1.2_02
func_616_a,scheduleLightingUpdate,Release 1.0.0
func_617_e,notifyBlockChange,Release 1.6.4
func_618_j,getBlockLightValue,Release 1.6.4
func_619_c,getCelestialAngle,Release 1.6.4
func_620_h,chunkExists,Release 1.6.4
func_621_b,countEntities,Release 1.6.4
func_623_a,playSoundAtEntity,Release 1.6.4
func_6231_c,clearApplet,Release 1.2.5
func_6232_b,shutdown,Release 1.4.7
func_6233_a,startMainThread,Release 1.4.7
func_6237_k,usePortal,Release 1.2.5
func_6238_a,displayDebugInfo,Release 1.6.4
func_6239_p,respawn,Release 1.2.5
func_624_b,isDaytime,Release 1.6.4
func_6240_b,getMinecraftDir,Release 1.4.7
func_6241_m,debugInfoRenders,Release 1.6.4
func_6242_u,forceReload,Release 1.4.7
func_6243_a,clickMouse,Release 1.6.4
func_6244_d,shutdown,Release 1.6.4
func_6245_o,debugInfoEntities,Release 1.6.4
func_6246_i,runTick,Release 1.6.4
func_6247_b,startWorld,Release 1.2.5
func_6248_s,screenshotListener,Release 1.6.4
func_6249_a,resize,Release 1.6.4
func_625_o,isBlockIndirectlyGettingPowered,Release 1.6.4
func_6250_c,checkGLError,Release 1.6.4
func_6251_l,getOpenGlCapsChecker,Beta 1.7.3
func_6252_g,displayInGameMenu,Release 1.6.4
func_6253_a,startMainThread,Release 1.2.5
func_6254_a,sendClickBlockToController,Release 1.6.4
func_6255_d,preloadWorld,Release 1.2.5
func_6256_a,changeWorld,Release 1.2.5
func_6257_q,loadScreen,Release 1.6.4
func_6258_a,setServer,Release 1.6.4
func_6259_e,setIngameFocus,Release 1.6.4
func_6260_j,isMultiplayerWorld,Release 1.2.5
func_6261_a,changeWorld1,Release 1.2.5
func_6262_n,getEntityDebug,Release 1.6.4
func_6263_a,changeWorld2,Release 1.2.5
func_6264_a,getAppDir,Release 1.4.7
func_6265_t,clickMiddleMouseButton,Release 1.6.4
func_6266_c,shutdownMinecraftApplet,Release 1.6.4
func_6267_r,getOs,Release 1.4.7
func_6268_a,installResource,Release 1.4.7
func_6269_a,startMainThread1,Release 1.2.5
func_627_a,scheduleLightingUpdate_do,Beta 1.7.3
func_6270_h,toggleFullscreen,Release 1.6.4
func_6271_a,startGame,Release 1.6.4
func_6272_a,displayGuiScreen,Release 1.6.4
func_6273_f,setIngameNotInFocus,Release 1.6.4
func_6274_a,scaledTessellator,Release 1.6.4
func_628_d,getCloudColour,Release 1.6.4
func_629_a,func_629_a,Beta 1.2_02
func_630_d,blockExists,Release 1.6.4
func_632_b,unloadEntities,Release 1.6.4
func_6329_a,getFontRendererFromRenderManager,Release 1.6.4
func_633_c,updateEntities,Release 1.6.4
func_6330_a,preRenderCallback,Release 1.6.4
func_6331_b,renderEquippedItems,Release 1.6.4
func_634_a,setBlock,Release 1.4.7
func_635_c,setBlockMetadata,Release 1.4.7
func_636_a,addLoadedEntities,Release 1.6.4
func_6360_i,removeLeaves,Release 1.6.4
func_6361_f,func_6361_f,Alpha 1.2.6
func_6362_g,func_6362_g,Alpha 1.2.6
func_637_a,getEntityPathToXYZ,Release 1.0.0
func_6372_a,addSound,Release 1.6.4
func_6373_b,addStreaming,Release 1.6.4
func_6374_c,addMusic,Release 1.6.4
func_6375_a,setVelocity,Release 1.6.4
func_6376_z,getTexture,Release 1.4.7
func_6377_h,mountEntity,Release 1.6.4
func_6378_b,onCollideWithPlayer,Release 1.6.4
func_6389_d,getLivingSound,Release 1.6.4
func_639_a,saveWorld,Release 1.2.5
func_6390_f,getDeathSound,Release 1.6.4
func_6391_i,getMaxSpawnedInChunk,Release 1.6.4
func_6392_F,onEntityDeath,Release 1.2.5
func_6393_h,getSoundVolume,Release 1.6.4
func_6394_f_,getHurtSound,Release 1.6.4
func_640_a,checkChunksExist,Release 1.6.4
func_641_a,getSavedLightValue,Release 1.6.4
func_6415_a_,useCurrentItemOnEntity,Release 1.2.5
func_6416_v,getCurrentEquippedItem,Release 1.6.4
func_6417_t,getScore,Release 1.6.4
func_6419_n,getPlayerArmorValue,Release 1.0.0
func_642_a,clip,Release 1.6.4
func_6420_o,func_6420_o,Release 1.0.0
func_643_a,setBlockAndMetadata,Release 1.4.7
func_644_f,calculateInitialSkylight,Release 1.6.4
func_6447_a,setWorldAndResolution,Release 1.6.4
func_6448_a,initGui,Release 1.6.4
func_6449_h,onGuiClosed,Release 1.6.4
func_645_a,clip,Release 1.6.4
func_6450_b,doesGuiPauseGame,Release 1.6.4
func_6452_a,func_6452_a,Beta 1.2_02
func_646_n,isBlockGettingPowered,Release 1.4.7
func_6464_c,emptyMethod1,Release 1.0.0
func_6465_g,updatingLighting,Release 1.2.5
func_6466_a,canMineBlock,Release 1.6.4
func_6467_a,setPartialTime,Release 1.2.5
func_6468_a,resetBlockRemoving,Release 1.6.4
func_6469_d,shouldDrawHUD,Release 1.6.4
func_647_i,canBlockSeeTheSky,Release 1.6.4
func_6470_c,onPlayerDamageBlock,Release 1.6.4
func_6471_a,sendUseItem,Release 1.6.4
func_6472_b,attackEntity,Release 1.6.4
func_6473_b,func_6473_b,Release 1.0.0
func_6474_c,updateController,Release 1.6.4
func_6475_a,interactWithEntity,Release 1.2.5
func_6476_a,flipPlayer,Release 1.6.4
func_6477_d,canRespawnHere,Release 1.6.4
func_648_a,setWorldTime,Release 1.6.4
func_6480_b,closeTexturePackFile,Release 1.2.5
func_6481_a,getResourceAsStream,Release 1.4.7
func_6482_a,func_6482_a,Release 1.0.0
func_6483_c,bindThumbnailTexture,Release 1.2.5
func_6484_b,unbindThumbnailTexture,Release 1.2.5
func_6485_a,func_6485_a,Release 1.0.0
func_649_g,tick,Release 1.6.4
func_6492_b,truncateString,Release 1.2.5
func_6497_a,handleAttachEntity,Release 1.6.4
func_6498_a,handleEntityVelocity,Release 1.6.4
func_6499_a,handleUseEntity,Release 1.6.4
func_650_a,quickSaveWorld,Release 1.2.5
func_6500_a,getFontRenderer,Release 1.6.4
func_6507_a,bindTextureByName,Release 1.4.7
func_6508_a,getFontRenderer,Release 1.6.4
func_651_a,saveWorldIndirectly,Release 1.2.5
func_6510_c,renderCloudsFancy,Release 1.6.4
func_6513_a,setColorRGBA_I,Release 1.6.4
func_6516_a,getFontRenderer,Release 1.6.4
func_6519_a,loadOptions,Release 1.6.4
func_6526_a,readTextureImage,Release 1.4.7
func_653_a,deleteFiles,Beta 1.2_02
func_6530_b,availableTexturePacks,Release 1.4.7
func_6531_a,setTexturePack,Release 1.4.7
func_6532_a,updateAvaliableTexturePacks,Release 1.4.7
func_654_a,setBlockTileEntity,Release 1.6.4
func_655_l,notifyBlockOfNeighborChange,Release 1.6.4
func_656_j,dropOldChunks,Release 1.2.5
func_657_a,getEntitiesWithinAABB,Release 1.6.4
func_658_i,getLoadedEntityList,Release 1.6.4
func_659_b,getEntitiesWithinAABBExcludingEntity,Release 1.6.4
func_660_k,sendQuittingDisconnectingPacket,Release 1.6.4
func_662_b,isAnyLiquid,Release 1.6.4
func_663_l,checkSessionLock,Release 1.6.4
func_664_b,setLightValue,Release 1.6.4
func_665_h,markBlockForUpdate,Release 1.6.4
func_666_c,getHeightValue,Release 1.6.4
func_667_e,updateEntity,Release 1.6.4
func_668_j,isBlockProvidingPowerTo,Release 1.6.4
func_669_m,saveLevel,Release 1.2.5
func_670_a,playRecord,Release 1.6.4
func_671_a,calculateSkylightSubtracted,Release 1.6.4
func_672_b,removeWorldAccess,Release 1.6.4
func_673_a,getChunkFromBlockCoords,Release 1.6.4
func_674_a,spawnEntityInWorld,Release 1.6.4
func_675_a,getBlockDensity,Release 1.6.4
func_677_m,randomDisplayUpdates,Release 1.2.5
func_678_c,onEntityRemoved,Release 1.6.4
func_679_f,getStarBrightness,Release 1.6.4
func_680_f,markBlocksDirtyVertical,Release 1.6.4
func_681_h,scheduleBlockUpdate,Beta 1.2_02
func_682_a,handleMaterialAcceleration,Release 1.6.4
func_683_a,getClosestPlayer,Release 1.6.4
func_684_a,playSoundEffect,Release 1.6.4
func_687_d,getDebugLoadedEntities,Release 1.6.4
func_688_b,setBlock,Release 1.6.4
func_689_a,isMaterialInBB,Release 1.6.4
func_690_d,setBlockWithNotify,Release 1.4.7
func_691_b,setBlockMetadataWithNotify,Release 1.6.4
func_692_l,removeBlockTileEntity,Release 1.6.4
func_693_a,setChunkData,Release 1.0.0
func_694_a,spawnParticle,Release 1.6.4
func_695_a,canBlockBePlacedAt,Release 1.2.5
func_696_e,func_696_e,Beta 1.4_01
func_697_a,getCollidingBoundingBoxes,Release 1.6.4
func_698_b,markTileEntityChunkModified,Release 1.6.4
func_699_a,getBlockLightValue_do,Release 1.6.4
func_700_a,tickUpdates,Release 1.6.4
func_701_b,markBlockRangeForRenderUpdate,Release 1.6.4
func_702_a,getPathToEntity,Release 1.0.0
func_704_b,getChunkFromChunkCoords,Release 1.6.4
func_705_f,joinEntityInSurroundings,Release 1.6.4
func_706_k,getIndirectPowerLevelTo,Release 1.6.4
func_707_b,isAABBInMaterial,Release 1.6.4
func_708_k,canExistingBlockSeeTheSky,Beta 1.7.3
func_709_b,getEntityByID,Release 1.2.5
func_710_c,removeEntityFromWorld,Release 1.6.4
func_711_c,invalidateBlockReceiveRegion,Release 1.6.4
func_712_a,addEntityToWorld,Release 1.6.4
func_713_a,doPreChunk,Release 1.6.4
func_714_c,setBlockAndMetadataAndInvalidate,Release 1.6.4
func_716_a,getLightValueExt,Release 1.6.4
func_717_a,onWorldChange,Release 1.2.5
func_719_a,clickBlock,Release 1.6.4
func_722_a,onPlayerRightClick,Release 1.2.5
func_727_b,getBlockReachDistance,Release 1.6.4
func_729_b,onPlayerDestroyBlock,Release 1.6.4
func_730_e,syncCurrentPlayItem,Release 1.6.4
func_731_b,getTagName,Release 1.6.4
func_732_a,setName,Release 1.6.4
func_733_a,getId,Release 1.6.4
func_734_b,readNamedTag,Release 1.6.4
func_735_a,write,Release 1.6.4
func_736_a,load,Release 1.6.4
func_737_b,getName,Release 1.6.4
func_738_a,writeNamedTag,Release 1.6.4
func_739_a,newTag,Release 1.6.4
func_740_c,tagCount,Release 1.6.4
func_741_a,tagAt,Release 1.6.4
func_742_a,appendTag,Release 1.6.4
func_743_k,getCompoundTag,Release 1.6.4
func_744_a,setFloat,Release 1.6.4
func_745_d,getShort,Release 1.6.4
func_746_c,getByte,Release 1.6.4
func_747_a,setByteArray,Release 1.6.4
func_748_a,setBoolean,Release 1.6.4
func_749_a,setShort,Release 1.6.4
func_750_a,setLong,Release 1.6.4
func_751_b,hasKey,Release 1.6.4
func_752_g,getFloat,Release 1.6.4
func_753_l,getTagList,Release 1.6.4
func_754_a,setString,Release 1.6.4
func_755_i,getString,Release 1.6.4
func_756_e,getInteger,Release 1.6.4
func_757_h,getDouble,Release 1.6.4
func_758_a,setInteger,Release 1.6.4
func_759_j,getByteArray,Release 1.6.4
func_760_m,getBoolean,Release 1.6.4
func_761_a,setByte,Release 1.6.4
func_762_a,setTag,Release 1.6.4
func_763_a,setCompoundTag,Release 1.6.4
func_764_f,getLong,Release 1.6.4
func_765_a,setDouble,Release 1.6.4
func_766_a,addRecipes,Release 1.6.4
func_767_b,getValue,Release 1.6.4
func_768_a,getHash,Release 1.6.4
func_769_a,isValid,Release 1.0.0
func_770_a,set,Release 1.6.4
func_771_a,get,Release 1.6.4
func_772_c,mouseXYChange,Release 1.6.4
func_773_b,ungrabMouseCursor,Release 1.6.4
func_774_a,grabMouseCursor,Release 1.6.4
func_775_c,getBackgroundIconIndex,Release 1.6.4
func_776_b,putStack,Release 1.6.4
func_777_b,getStack,Release 1.6.4
func_779_d,onSlotChanged,Release 1.6.4
func_781_a,isAtCursorPos,Alpha 1.2.6
func_782_a,bindImage,Release 1.4.7
func_783_a,onTick,Release 1.4.7
func_784_a,isMinecartTrack,Release 1.4.7
func_785_b,refreshConnectedTracks,Release 1.4.7
func_786_c,canConnectFrom,Release 1.4.7
func_787_c,canConnectTo,Release 1.4.7
func_788_d,connectToNeighbor,Release 1.4.7
func_789_a,calculateConnectedTracks,Beta 1.4_01
func_790_c,getAdjacentTracks,Release 1.4.7
func_791_a,getAdjacentTrackCount,Release 1.4.7
func_792_a,refreshTrackShape,Release 1.4.7
func_793_b,isConnectedTo,Release 1.4.7
func_794_b,isInTrack,Release 1.4.7
func_795_a,getMinecartTrackLogic,Release 1.4.7
func_796_a,checkKeyForMovementInput,Beta 1.7.3
func_797_a,updatePlayerMoveState,Release 1.2.5
func_798_a,resetKeyState,Beta 1.7.3
func_799_a,render,Release 1.2.5
func_800_a,postProcess,Release 1.2.5
func_801_a,func_801_a,Beta 1.7.3
func_802_a,generateNoise,Beta 1.7.3
func_803_a,grad,Release 1.6.4
func_804_b,lerp,Release 1.6.4
func_805_a,populateNoiseArray,Release 1.6.4
func_806_a,func_806_a,Beta 1.7.3
func_807_a,generateNoiseOctaves,Release 1.6.4
func_808_a,draw,Release 1.6.4
func_809_a,flipFace,Release 1.6.4
func_810_a,addRecipes,Release 1.6.4
func_811_b,saveExtraData,Release 1.6.4
func_812_a,saveChunk,Release 1.6.4
func_813_a,loadChunk,Release 1.6.4
func_814_a,chunkTick,Release 1.6.4
func_815_b,saveExtraChunkData,Release 1.6.4
func_816_a,loadChunkIntoWorldFromCompound,Release 1.0.0
func_817_a,chunkFileForXZ,Release 1.0.0
func_818_a,storeChunkInCompound,Release 1.0.0
func_819_a,handlePlace,Release 1.6.4
func_820_a,handleNamedEntitySpawn,Release 1.6.4
func_821_a,handleBlockDig,Release 1.6.4
func_822_a,handleBlockChange,Release 1.6.4
func_823_a,handleErrorMessage,Release 1.6.4
func_824_a,handleMultiBlockChange,Release 1.6.4
func_825_a,handleAnimation,Release 1.6.4
func_826_a,handlePreChunk,Release 1.2.5
func_827_a,handleEntity,Release 1.6.4
func_828_a,handleMobSpawn,Release 1.6.4
func_829_a,handleEntityTeleport,Release 1.6.4
func_830_a,handleAddToInventory,Alpha 1.2.6
func_832_a,handlePickupSpawn,Release 1.2.5
func_833_a,handleMapChunk,Release 1.0.0
func_834_a,handleCollect,Release 1.6.4
func_835_a,handleVehicleSpawn,Release 1.6.4
func_837_a,handleFlying,Release 1.6.4
func_838_a,handleHandshake,Release 1.2.5
func_839_a,handleDestroyEntity,Release 1.6.4
func_841_a,handleBlockItemSwitch,Release 1.6.4
func_842_a,handleComplexEntity,Alpha 1.2.6
func_843_a,handlePlayerInventory,Release 1.6.4
func_844_a,handleKickDisconnect,Release 1.6.4
func_845_a,handleSpawnPosition,Release 1.6.4
func_846_a,handleUpdateTime,Release 1.6.4
func_847_a,addToSendQueue,Release 1.6.4
func_848_a,processReadPackets,Release 1.6.4
func_849_b,disconnect,Release 1.6.4
func_851_a,getDistanceToCamera,Release 1.6.4
func_852_a,set,Release 1.6.4
func_853_a,renderEntityWithPosYaw,Release 1.6.4
func_854_a,renderEntity,Release 1.6.4
func_855_a,getEntityRenderObject,Release 1.6.4
func_857_a,func_857_a,Beta 1.2_02
func_858_a,func_858_a,Release 1.0.0
func_859_b,func_859_b,Release 1.0.0
func_860_a,func_860_a,Release 1.0.0
func_861_a,func_861_a,Release 1.0.0
func_862_a,func_862_a,Release 1.0.0
func_863_a,setRotationAngles,Release 1.6.4
func_864_b,render,Release 1.6.4
func_866_a,func_866_a,Beta 1.7.3
func_867_a,generate,Release 1.6.4
func_868_a,recursiveGenerate,Release 1.6.4
func_869_a,generateCaveNode,Release 1.6.4
func_870_a,generateLargeCaveNode,Release 1.6.4
func_871_a,getStringWidth,Release 1.6.4
func_872_a,renderString,Release 1.0.0
func_873_b,drawString,Release 1.6.4
func_874_a,drawStringWithShadow,Release 1.0.0
func_875_a,func_875_a,Beta 1.2_02
func_876_e,getCanBurn,Release 1.6.4
func_878_a,isSolid,Release 1.6.4
func_879_d,isLiquid,Release 1.6.4
func_880_c,blocksMovement,Release 1.6.4
func_881_b,getCanBlockGrass,Release 1.6.4
func_883_a,parseUserSkin,Release 1.6.4
func_884_b,setAreaOpaque,Release 1.6.4
func_885_a,setAreaTransparent,Release 1.6.4
func_886_c,hasTransparency,Release 1.6.4
func_887_a,renderSign,Release 1.6.4
func_888_a,init,Release 1.2.5
func_889_a,init,Release 1.2.5
func_890_d,renderFireInFirstPerson,Release 1.6.4
func_892_c,renderWarpedTextureOverlay,Release 1.6.4
func_893_b,renderOverlays,Release 1.6.4
func_895_a,updateEquippedItem,Release 1.6.4
func_898_a,renderInsideOfBlock,Release 1.6.4
func_899_a,comparer,Release 1.6.4
func_900_a,setScheduledTime,Release 1.6.4
func_902_b,getScaledHeight,Release 1.6.4
func_903_a,getScaledWidth,Release 1.6.4
func_904_a,updateTimer,Release 1.6.4
func_905_b,setupOverlayRendering,Release 1.6.4
func_908_a,setFogColorBuffer,Release 1.6.4
func_910_a,getMouseOver,Release 1.6.4
func_911_a,updateRenderer,Release 1.6.4
func_914_d,getFOVModifier,Release 1.6.4
func_916_c,addRainParticles,Release 1.6.4
func_917_f,setupViewBobbing,Release 1.6.4
func_920_e,hurtCameraEffect,Release 1.6.4
func_921_a,addBox,Beta 1.7.3
func_922_a,render,Release 1.6.4
func_923_a,addBox,Release 1.6.4
func_924_c,compileDisplayList,Release 1.6.4
func_925_a,setRotationPoint,Release 1.6.4
func_926_b,postRender,Release 1.6.4
func_9279_a,updateFallState,Release 1.6.4
func_928_a,setTileEntityRenderer,Release 1.6.4
func_9280_g,performHurtAnimation,Release 1.6.4
func_9281_M,setBeenAttacked,Release 1.6.4
func_9282_a,handleHealthUpdate,Release 1.6.4
func_930_a,renderTileEntityAt,Release 1.6.4
func_931_a,renderTileEntityMobSpawner,Release 1.6.4
func_932_a,renderTileEntitySignAt,Release 1.6.4
func_933_a,playRecord,Release 1.6.4
func_934_a,markBlockForUpdate,Release 1.6.4
func_935_a,doNothingWithTileEntity,Release 1.2.5
func_936_e,updateAllRenderers,Beta 1.7.3
func_9367_r,respawnPlayer,Release 1.6.4
func_937_b,markBlockRangeForRenderUpdate,Release 1.6.4
func_9372_a_,setPlayerSPHealth,Release 1.6.4
func_9375_Q,sendInventoryChanged,Release 1.2.5
func_938_b,onEntityDestroy,Release 1.6.4
func_939_a,spawnParticle,Release 1.6.4
func_940_a,playSound,Release 1.6.4
func_941_a,onEntityCreate,Release 1.6.4
func_942_a,drawOutlinedBoundingBox,Release 1.6.4
func_9424_o,updateEntityList,Release 1.2.5
func_9425_a,setEntityState,Release 1.6.4
func_943_a,sortAndRender,Release 1.6.4
func_944_a,renderAllRenderLists,Release 1.6.4
func_9446_a,handleUpdateHealth,Release 1.6.4
func_9447_a,handleEntityStatus,Release 1.6.4
func_9448_a,handleRespawn,Release 1.6.4
func_9449_b,resetEquippedProgress,Release 1.6.4
func_945_d,updateClouds,Release 1.6.4
func_9450_c,resetEquippedProgress2,Release 1.6.4
func_946_a,changeWorld,Release 1.2.5
func_948_a,updateRenderers,Release 1.6.4
func_949_a,markBlocksForUpdate,Release 1.6.4
func_950_f,renderStars,Release 1.6.4
func_951_a,renderEntities,Release 1.6.4
func_952_a,renderSortedRenderers,Release 1.6.4
func_953_b,getDebugInfoRenders,Release 1.6.4
func_955_b,drawSelectionBox,Release 1.6.4
func_956_b,markRenderersForNewPosition,Release 1.6.4
func_957_c,getDebugInfoEntities,Release 1.6.4
func_958_a,loadRenderers,Release 1.6.4
func_959_a,drawBlockBreaking,Release 1.4.7
func_960_a,clipRenderersByFrustum,Release 1.6.4
func_962_a,checkOcclusionQueryResult,Release 1.6.4
func_963_f,getWriteThread,Release 1.2.5
func_964_b,sendPacket,Release 1.2.5
func_965_d,sendNetworkPacket,Release 1.2.5
func_966_c,readNetworkPacket,Release 1.2.5
func_967_a,processReadPackets,Release 1.6.4
func_968_b,isServerTerminating,Release 1.2.5
func_969_e,getReadThread,Release 1.2.5
func_970_a,onNetworkError,Release 1.2.5
func_971_a,isRunning,Release 1.2.5
func_972_a,addToSendQueue,Release 1.6.4
func_973_c,readPacket,Release 1.2.5
func_974_a,networkShutdown,Release 1.6.4
func_976_a,addRecipes,Release 1.6.4
func_977_b,startDrawingQuads,Release 1.6.4
func_978_a,setColorRGBA,Release 1.6.4
func_979_a,setColorOpaque,Release 1.6.4
func_980_b,setNormal,Release 1.6.4
func_981_a,setTextureUV,Release 1.6.4
func_982_a,draw,Release 1.6.4
func_983_a,addVertexWithUV,Release 1.6.4
func_984_b,setTranslation,Release 1.6.4
func_985_d,reset,Release 1.6.4
func_986_a,setColorRGBA_F,Release 1.6.4
func_987_a,setColorOpaque_F,Release 1.6.4
func_988_c,addTranslation,Release 1.6.4
func_989_c,disableColor,Release 1.6.4
func_990_b,setColorOpaque_I,Release 1.6.4
func_991_a,addVertex,Release 1.6.4
func_992_a,startDrawing,Release 1.6.4
func_993_a,doCompare,Release 1.6.4
func_994_a,getEntitiesWithinAABBForEntity,Release 1.6.4
func_995_d,onChunkLoad,Release 1.6.4
func_996_c,propagateSkylightOcclusion,Release 1.6.4
func_997_a,getRandomWithSeed,Release 1.6.4
func_998_e,onChunkUnload,Release 1.6.4
func_999_b,getHeightValue,Release 1.6.4
