SRG,MCP
p_1000_0,entity
p_1001_0,tileEntity
p_1002_0,posX
p_1002_1,posY
p_1002_2,posZ
p_1003_0,posX
p_1003_1,posY
p_1003_2,posZ
p_1004_0,pByteA
p_1004_1,pInt
p_1004_2,pInt1
p_1004_3,pInt2
p_1004_4,pInt3
p_1004_5,pInt4
p_1004_6,pInt5
p_1004_7,pInt6
p_1005_0,posX
p_1005_1,posY
p_1005_2,posZ
p_1005_3,tileEntity
p_1007_0,posX
p_1007_1,posY
p_1007_2,posZ
p_1008_0,posX
p_1008_1,posY
p_1008_2,posZ
p_1009_0,posX
p_1009_1,posY
p_1009_2,posZ
p_1009_3,metadata
p_1010_0,posX
p_1010_1,posY
p_1010_2,posZ
p_1010_3,id
p_1010_4,metadata
p_1011_0,skyBlock
p_1011_1,posX
p_1011_2,posY
p_1011_3,posZ
p_1011_4,value
p_1012_0,pFlag
p_1013_0,entityClass
p_1013_1,aabb
p_1013_2,list
p_1015_0,entity
p_1016_0,entity
p_1016_1,index
p_1017_0,xPosition
p_1017_1,zPosition
p_1019_0,posX
p_1019_1,posY
p_1019_2,posZ
p_1019_3,skylightSubtracted
p_1020_0,posX
p_1020_1,posZ
p_1020_2,maxHeight
p_1021_0,posX
p_1021_1,posY
p_1021_2,posZ
p_1022_0,posX
p_1022_1,posY
p_1022_2,posZ
p_1022_3,id
p_1023_0,posX
p_1023_1,posY
p_1023_2,posZ
p_1025_0,skyBlock
p_1025_1,posX
p_1025_2,posY
p_1025_3,posZ
p_1026_0,worldObj
p_1026_1,renderEngine
p_1026_2,fontRenderer
p_1026_3,player
p_1026_4,tick
p_1028_0,tileEntity
p_1030_0,tileEntity
p_1030_1,pFloat
p_1031_0,tileEntity
p_1032_0,tileEntity
p_1032_1,posX
p_1032_2,posY
p_1032_3,posZ
p_1032_4,pFloat
p_1033_0,point
p_1034_0,point
p_1035_0,point
p_1035_1,distance
p_1037_0,point
p_1040_0,recipeOne
p_1040_1,recipeTwo
p_1042_0,binding
p_1042_1,code
p_1043_0,binding
p_1045_0,optionValue
p_1045_1,sliderValue
p_1046_0,optionValue
p_1047_0,optionValue
p_1048_0,optionValue
p_1048_1,sliderValue
p_1049_0,optionValue
p_1050_0,optionValue
p_1051_0,manager
p_1052_0,value
p_1053_0,hash
p_1053_1,key
p_1053_2,value
p_1053_3,index
p_1054_0,key
p_1055_0,key
p_1056_0,key
p_1057_0,key
p_1059_0,entries
p_1060_0,key
p_1061_0,key
p_1061_1,value
p_1062_0,hashSlot
p_1062_1,hashLength
p_1063_0,rendererOne
p_1063_1,rendererTwo
p_1066_0,animation
p_1068_0,image
p_1068_1,intBuffer
p_1069_0,image
p_1070_0,name
p_1071_0,url
p_1071_1,name
p_1072_0,colorOne
p_1072_1,colorTwo
p_1073_0,url
p_1074_0,image
p_1075_0,url
p_1075_1,buffer
p_1076_0,texture
p_1077_0,colorOne
p_1077_1,colorTwo
p_1078_0,texture
p_1079_0,name
p_1079_1,world
p_1080_0,entityClass
p_1080_1,name
p_1080_2,id
p_1081_0,tag
p_1081_1,world
p_1082_0,entity
p_1083_0,entity
p_1084_0,id
p_1084_1,world
p_1085_0,decrement
p_1086_0,tag
p_1087_0,id
p_1087_1,posX
p_1087_2,posY
p_1087_3,posZ
p_1090_0,player
p_1090_1,world
p_1090_2,posX
p_1090_3,posY
p_1090_4,posZ
p_1090_5,side
p_1092_0,entity
p_1093_0,world
p_1093_1,player
p_1095_0,entity
p_1096_0,tag
p_1097_0,player
p_1098_0,block
p_1099_0,block
p_1100_0,entity
p_1101_0,increment
p_1103_0,inventory
p_1104_0,player
p_1106_0,value
p_1107_0,valueX
p_1107_1,valueY
p_1108_0,value
p_1109_0,value
p_1110_0,value
p_1111_0,valueX
p_1111_1,valueY
p_1112_0,value
p_1113_0,value
p_1114_0,value
p_1115_0,texturePositionX
p_1115_1,texturePositionY
p_1117_0,name
p_1117_1,file
p_1118_0,name
p_1119_0,ingredientMap
p_1121_0,itemStack
p_1121_1,args
p_1122_0,manager
p_1123_0,capacity
p_1124_0,range
p_1125_0,capacity
p_1127_0,capacity
p_1128_0,name
p_1129_0,entity
p_1129_1,start
p_1129_2,end
p_1129_3,unused
p_1129_4,maxDistance
p_1130_0,entity
p_1130_1,posX
p_1130_2,posY
p_1130_3,posZ
p_1130_4,maxDistance
p_1131_0,entity
p_1131_1,posX
p_1131_2,posY
p_1131_3,posZ
p_1131_4,maxDistance
p_1132_0,entity
p_1132_1,posX
p_1132_2,posY
p_1132_3,posZ
p_1132_4,point
p_1133_0,entity
p_1133_1,current
p_1133_2,unused
p_1133_3,target
p_1133_4,maxDistance
p_1134_0,start
p_1134_1,end
p_1135_0,entity
p_1135_1,posX
p_1135_2,posY
p_1135_3,posZ
p_1135_4,point
p_1135_5,offsetY
p_1136_0,posX
p_1136_1,posY
p_1136_2,posZ
p_1137_0,entityOne
p_1137_1,entityTwo
p_1137_2,maxDistance
p_1138_0,in
p_1139_0,tag
p_1139_1,out
p_1140_0,pByteA
p_1141_0,in
p_1142_0,tag
p_1143_0,tag
p_1143_1,out
p_1148_0,manager
p_1152_0,minX
p_1152_1,minY
p_1152_2,minZ
p_1152_3,maxX
p_1152_4,maxY
p_1152_5,maxZ
p_1154_0,pFloatA
p_1154_1,pInt
p_1156_0,red
p_1156_1,green
p_1156_2,blue
p_1156_3,alpha
p_1157_0,red
p_1157_1,green
p_1157_2,blue
p_1157_3,alpha
p_1161_0,minX
p_1161_1,minY
p_1161_2,minZ
p_1161_3,maxX
p_1161_4,maxY
p_1161_5,maxZ
p_1162_0,aabb
p_1162_1,coordZ
p_1163_0,aabb
p_1163_1,coordX
p_1165_0,minX
p_1165_1,minY
p_1165_2,minZ
p_1165_3,maxX
p_1165_4,maxY
p_1165_5,maxZ
p_1166_0,offsetX
p_1166_1,offsetY
p_1166_2,offsetZ
p_1167_0,vector
p_1168_0,minX
p_1168_1,minY
p_1168_2,minZ
p_1168_3,maxX
p_1168_4,maxY
p_1168_5,maxZ
p_1169_0,vectorOne
p_1169_1,vectorTwo
p_1170_0,coordX
p_1170_1,coordY
p_1170_2,coordZ
p_1171_0,aabb
p_1172_0,aabb
p_1172_1,coordY
p_1174_0,coordX
p_1174_1,coordY
p_1174_2,coordZ
p_1175_0,vector
p_1176_0,vector
p_1177_0,coordX
p_1177_1,coordY
p_1177_2,coordZ
p_1178_0,aabb
p_1180_0,point
p_1182_0,ingredientMap
p_1183_0,ingredientMap
p_1185_0,ingredientMap
p_1185_1,pInt
p_1185_2,pInt1
p_1185_3,pFlag
p_1186_0,posX
p_1186_1,posY
p_1186_2,posZ
p_1187_0,entity
p_1187_1,pFloat
p_1188_0,worldObj
p_1189_0,entity
p_1189_1,partialTicks
p_1191_0,posX
p_1191_1,posY
p_1191_2,posZ
p_1191_3,hitValue
p_1192_0,particle
p_1197_0,posX
p_1197_1,posY
p_1197_2,posZ
p_1199_0,camera
p_1200_0,pInt
p_1202_0,entity
p_1205_0,entity
p_1209_0,directory
p_1209_1,name
p_1211_0,url
p_1211_1,name
p_1211_2,size
p_1211_3,pInt
p_1212_0,url
p_1212_1,location
p_1212_2,size
p_1214_0,block
p_1214_1,posX
p_1214_2,posY
p_1214_3,posZ
p_1216_0,block
p_1216_1,posX
p_1216_2,posY
p_1216_3,posZ
p_1217_0,block
p_1217_1,posX
p_1217_2,posY
p_1217_3,posZ
p_1217_4,overrideBlockTexture
p_1218_0,block
p_1218_1,posX
p_1218_2,posY
p_1218_3,posZ
p_1219_0,renderType
p_1220_0,block
p_1220_1,posX
p_1220_2,posY
p_1220_3,posZ
p_1220_4,overrideBlockTexture
p_1221_0,block
p_1221_1,posX
p_1221_2,posY
p_1221_3,posZ
p_1222_0,block
p_1222_1,posX
p_1222_2,posY
p_1222_3,posZ
p_1223_0,block
p_1223_1,posX
p_1223_2,posY
p_1223_3,posZ
p_1223_4,overrideBlockTexture
p_12243_0,entity
p_12243_1,posX
p_12243_2,posY
p_12243_3,posZ
p_12243_4,explosionSize
p_12244_0,entity
p_12244_1,posX
p_12244_2,posY
p_12244_3,posZ
p_12244_4,explosionSize
p_12244_5,isFlaming
p_12245_0,packet
p_12246_0,id
p_1224_0,posX
p_1224_1,posY
p_1224_2,posZ
p_1224_3,material
p_1225_0,block
p_1225_1,posX
p_1225_2,posY
p_1225_3,posZ
p_1225_4,overrideBlockTexture
p_1226_0,block
p_1226_1,posX
p_1226_2,posY
p_1226_3,posZ
p_1227_0,block
p_1228_0,block
p_1228_1,posX
p_1228_2,posY
p_1228_3,posZ
p_1229_0,block
p_1229_1,posX
p_1229_2,posY
p_1229_3,posZ
p_1230_0,block
p_1230_1,posX
p_1230_2,posY
p_1230_3,posZ
p_1230_4,pFloat
p_1230_5,pFloat1
p_1230_6,pFloat2
p_1231_0,block
p_1231_1,posX
p_1231_2,posY
p_1231_3,posZ
p_1231_4,overrideBlockTexture
p_1232_0,block
p_1232_1,posX
p_1232_2,posY
p_1232_3,posZ
p_1233_0,block
p_1233_1,posX
p_1233_2,posY
p_1233_3,posZ
p_1234_0,block
p_1234_1,posX
p_1234_2,posY
p_1234_3,posZ
p_1235_0,block
p_1235_1,posX
p_1235_2,posY
p_1235_3,posZ
p_1236_0,block
p_1236_1,posX
p_1236_2,posY
p_1236_3,posZ
p_1236_4,overrideBlockTexture
p_1237_0,block
p_1237_1,posX
p_1237_2,posY
p_1237_3,posZ
p_1237_4,pDouble
p_1237_5,pDouble1
p_1238_0,block
p_1238_1,pFloat
p_1239_0,block
p_1239_1,metadata
p_1239_2,posX
p_1239_3,posY
p_1239_4,posZ
p_1240_0,block
p_1240_1,posX
p_1240_2,posY
p_1240_3,posZ
p_1241_0,block
p_1241_1,posX
p_1241_2,posY
p_1241_3,posZ
p_1242_0,block
p_1242_1,posX
p_1242_2,posY
p_1242_3,posZ
p_1243_0,block
p_1243_1,world
p_1243_2,posX
p_1243_3,posY
p_1243_4,posZ
p_1244_0,block
p_1244_1,posX
p_1244_2,posY
p_1244_3,posZ
p_1244_4,overrideBlockTexture
p_1245_0,block
p_1245_1,metadata
p_1245_2,posX
p_1245_3,posY
p_1245_4,posZ
p_1246_0,vector
p_1247_0,vector
p_1247_1,coordX
p_1248_0,coordX
p_1248_1,coordY
p_1248_2,coordZ
p_1249_0,angle
p_1250_0,vector
p_1250_1,coordY
p_1251_0,vector
p_1254_0,xCoord
p_1254_1,yCoord
p_1254_2,zCoord
p_1255_0,targetX
p_1255_1,targetY
p_1255_2,targetZ
p_1256_0,vector
p_1256_1,coordZ
p_1257_0,additionX
p_1257_1,additionY
p_1257_2,additionZ
p_1258_0,angle
p_1260_0,coordX
p_1260_1,coordY
p_1260_2,coordZ
p_1261_0,vector
p_1262_0,vector
p_1264_0,name
p_1266_0,brightness
p_1267_0,coordX
p_1267_1,coordY
p_1268_0,graphics
p_1270_0,directory
p_1271_0,canvas
p_140_0,url
p_140_1,name
p_141_0,entity
p_141_1,posX
p_141_2,posY
p_141_3,posZ
p_141_4,yaw
p_141_5,partialTicks
p_142_0,aabb
p_144_0,entity
p_144_1,posX
p_144_2,posY
p_144_3,posZ
p_144_4,alpha
p_144_5,partialTicks
p_145_0,block
p_145_1,centerX
p_145_10,centerY
p_145_11,centerZ
p_145_2,blockX
p_145_3,blockY
p_145_4,blockZ
p_145_5,alpha
p_145_6,size
p_145_7,offsetX
p_145_8,offsetY
p_145_9,offsetZ
p_146_0,aabb
p_146_1,coordX
p_146_2,coordY
p_146_3,coordZ
p_147_0,entity
p_147_1,posX
p_147_2,posY
p_147_3,posZ
p_147_4,yaw
p_147_5,partialTicks
p_148_0,entity
p_148_1,posX
p_148_2,posY
p_148_3,posZ
p_148_4,partialTicks
p_151_0,id
p_15232_0,world
p_15232_1,pInt
p_15232_2,pInt1
p_15232_3,pInt2
p_15233_0,world
p_15233_1,pInt
p_15233_2,pInt1
p_15233_3,pInt2
p_15234_0,world
p_15234_1,pInt1
p_15234_2,pInt2
p_15234_3,pInt3
p_152_0,entity
p_152_1,posX
p_152_2,posY
p_152_3,posZ
p_152_4,yaw
p_152_5,partialTicks
p_153_0,entity
p_153_1,posX
p_153_2,posY
p_153_3,posZ
p_153_4,yaw
p_153_5,partialTicks
p_154_0,entity
p_154_1,posX
p_154_2,posY
p_154_3,posZ
p_154_4,yaw
p_154_5,partialTicks
p_155_0,entity
p_155_1,posX
p_155_2,posY
p_155_3,posZ
p_155_4,yaw
p_155_5,partialTicks
p_156_0,entity
p_156_1,posX
p_156_2,posY
p_156_3,posZ
p_156_4,yaw
p_156_5,partialTicks
p_157_0,entity
p_157_1,posX
p_157_2,posY
p_157_3,posZ
p_157_4,yaw
p_157_5,partialTicks
p_158_0,entity
p_158_1,posX
p_158_2,posY
p_158_3,posZ
p_158_4,yaw
p_158_5,partialTicks
p_159_0,painting
p_159_1,pInt
p_159_2,pInt1
p_159_3,pInt2
p_159_4,pInt3
p_160_0,painting
p_160_1,pFloat
p_160_2,pFloat1
p_161_0,fontRenderer
p_161_1,renderEngine
p_161_2,itemStack
p_161_3,coordX
p_161_4,coordY
p_162_0,tessellator
p_162_1,coordX
p_162_2,coordY
p_162_3,width
p_162_4,height
p_162_5,color
p_163_0,coordX
p_163_1,coordY
p_163_2,textureU
p_163_3,textureV
p_163_4,width
p_163_5,height
p_164_0,fontRenderer
p_164_1,renderEngine
p_164_2,itemStack
p_164_3,coordX
p_164_4,coordY
p_165_0,entity
p_165_1,posX
p_165_2,posY
p_165_3,posZ
p_165_4,yaw
p_165_5,partialTicks
p_166_0,entity
p_166_1,pInt
p_167_0,entity
p_167_1,partialTicks
p_170_0,entity
p_170_1,partialTicks
p_171_0,entity
p_171_1,posX
p_171_2,posY
p_171_3,posZ
p_171_4,yaw
p_171_5,partialTicks
p_172_0,entity
p_173_0,entity
p_173_1,brightness
p_173_2,partialTicks
p_175_0,entity
p_175_1,partialTicks
p_176_0,entity
p_176_1,pInt
p_177_0,entity
p_177_1,posX
p_177_2,posY
p_177_3,posZ
p_177_4,yaw
p_177_5,partialTicks
p_178_0,entity
p_178_1,partialTicks
p_179_0,entity
p_179_1,pInt
p_180_0,entity
p_180_1,pInt
p_181_0,entity
p_181_1,posX
p_181_2,posY
p_181_3,posZ
p_181_4,yaw
p_181_5,partialTicks
p_182_0,entity
p_182_1,partialTicks
p_183_0,entity
p_183_1,brightness
p_183_2,partialTicks
p_184_0,entity
p_184_1,partialTicks
p_186_0,entity
p_186_1,partialTicks
p_187_0,entity
p_187_1,pInt
p_188_0,entity
p_188_1,posX
p_188_2,posY
p_188_3,posZ
p_188_4,yaw
p_188_5,partialTicks
p_190_0,entity
p_190_1,pInt
p_191_0,entity
p_192_0,itemStack
p_192_1,player
p_192_2,world
p_192_3,posX
p_192_4,posY
p_192_5,posZ
p_192_6,side
p_193_0,itemStack
p_193_1,world
p_193_2,player
p_196_0,itemStack
p_203_0,itemStack
p_203_1,blockID
p_203_2,posX
p_203_3,posY
p_203_4,posZ
p_204_0,itemStack
p_204_1,block
p_207_0,world
p_207_1,posX
p_207_2,posY
p_207_3,posZ
p_208_0,world
p_208_1,posX
p_208_2,posY
p_208_3,posZ
p_208_4,random
p_211_0,world
p_211_1,posX
p_211_2,posY
p_211_3,posZ
p_211_4,side
p_213_0,minX
p_213_1,minY
p_213_2,minZ
p_213_3,maxX
p_213_4,maxY
p_213_5,maxZ
p_214_0,world
p_214_1,posX
p_214_2,posY
p_214_3,posZ
p_215_0,lightValue
p_216_0,world
p_216_1,posX
p_216_2,posY
p_216_3,posZ
p_216_4,metadata
p_216_5,chance
p_218_0,side
p_219_0,blockResistance
p_220_0,world
p_220_1,posX
p_220_2,posY
p_220_3,posZ
p_220_4,metadata
p_221_0,world
p_221_1,posX
p_221_2,posY
p_221_3,posZ
p_222_0,blockHardness
p_223_0,world
p_223_1,posX
p_223_2,posY
p_223_3,posZ
p_224_0,metadata
p_224_1,stopOnLiquid
p_225_0,player
p_226_0,world
p_226_1,posX
p_226_2,posY
p_226_3,posZ
p_226_4,id
p_227_0,entity
p_228_0,world
p_228_1,posX
p_228_2,posY
p_228_3,posZ
p_228_4,side
p_229_0,random
p_230_0,world
p_230_1,posX
p_230_2,posY
p_230_3,posZ
p_230_4,aabb
p_230_5,list
p_231_0,world
p_231_1,posX
p_231_2,posY
p_231_3,posZ
p_231_4,side
p_232_0,side
p_232_1,metadata
p_233_0,world
p_233_1,posX
p_233_2,posY
p_233_3,posZ
p_233_4,player
p_235_0,world
p_235_1,posX
p_235_2,posY
p_235_3,posZ
p_236_0,world
p_236_1,posX
p_236_2,posY
p_236_3,posZ
p_236_4,entity
p_238_0,world
p_238_1,posX
p_238_2,posY
p_238_3,posZ
p_240_0,metadata
p_240_1,random
p_241_0,world
p_241_1,posX
p_241_2,posY
p_241_3,posZ
p_243_0,world
p_243_1,posX
p_243_2,posY
p_243_3,posZ
p_244_0,vector
p_246_0,world
p_246_1,posX
p_246_2,posY
p_246_3,posZ
p_247_0,world
p_247_1,posX
p_247_2,posY
p_247_3,posZ
p_247_4,random
p_249_0,vector
p_250_0,world
p_250_1,posX
p_250_2,posY
p_250_3,posZ
p_250_4,player
p_251_0,vector
p_252_0,world
p_252_1,posX
p_252_2,posY
p_252_3,posZ
p_252_4,metadata
p_253_0,ticksRandomly
p_254_0,world
p_254_1,posX
p_254_2,posY
p_254_3,posZ
p_254_4,entity
p_255_0,world
p_255_1,posX
p_255_2,posY
p_255_3,posZ
p_255_4,startVector
p_255_5,endVector
p_256_0,lightOpacity
p_257_0,world
p_257_1,posX
p_257_2,posY
p_257_3,posZ
p_257_4,entity
p_257_5,vector
p_258_0,world
p_258_1,posX
p_258_2,posY
p_258_3,posZ
p_258_4,side
p_259_0,world
p_259_1,posX
p_259_2,posY
p_259_3,posZ
p_259_4,metadata
p_260_0,world
p_260_1,posX
p_260_2,posY
p_260_3,posZ
p_260_4,side
p_261_0,world
p_261_1,posX
p_261_2,posY
p_261_3,posZ
p_262_0,world
p_262_1,posX
p_262_2,posY
p_262_3,posZ
p_263_0,world
p_263_1,posX
p_263_2,posY
p_263_3,posZ
p_264_0,blockID
p_264_1,chanceToEncourageFire
p_264_2,abilityToCatchFire
p_265_0,world
p_265_1,posX
p_265_2,posY
p_265_3,posZ
p_265_4,chanceToEncourageFire
p_266_0,world
p_266_1,posX
p_266_2,posY
p_266_3,posZ
p_266_4,range
p_266_5,random
p_267_0,world
p_267_1,posX
p_267_2,posY
p_267_3,posZ
p_268_0,world
p_268_1,posX
p_268_2,posY
p_268_3,posZ
p_269_0,id
p_270_0,world
p_270_1,posX
p_270_2,posY
p_270_3,posZ
p_271_0,world
p_271_1,posX
p_271_2,posY
p_271_3,posZ
p_273_0,world
p_273_1,posX
p_273_2,posY
p_273_3,posZ
p_273_4,pFlag
p_274_0,world
p_274_1,posX
p_274_2,posY
p_274_3,posZ
p_275_0,world
p_275_1,posX
p_275_2,posY
p_275_3,posZ
p_279_0,world
p_279_1,posX
p_279_2,posY
p_279_3,posZ
p_280_0,world
p_280_1,posX
p_280_2,posY
p_280_3,posZ
p_281_0,world
p_281_1,posX
p_281_2,posY
p_281_3,posZ
p_281_4,wireStrength
p_282_0,world
p_282_1,posX
p_282_2,posY
p_282_3,posZ
p_284_0,world
p_284_1,posX
p_284_2,posY
p_284_3,posZ
p_285_0,isActive
p_285_1,world
p_285_2,posX
p_285_3,posY
p_285_4,posZ
p_286_0,world
p_286_1,posX
p_286_2,posY
p_286_3,posZ
p_287_0,world
p_287_1,posX
p_287_2,posY
p_287_3,posZ
p_288_0,metadata
p_289_0,world
p_289_1,posX
p_289_2,posY
p_289_3,posZ
p_290_0,world
p_290_1,posX
p_290_2,posY
p_290_3,posZ
p_291_0,world
p_291_1,posX
p_291_2,posY
p_291_3,posZ
p_292_0,world
p_292_1,posX
p_292_2,posY
p_292_3,posZ
p_293_0,world
p_293_1,pInt
p_293_2,pInt1
p_293_3,pInt2
p_293_4,material
p_295_0,world
p_295_1,posX
p_295_2,posY
p_295_3,posZ
p_296_0,world
p_296_1,posX
p_296_2,posY
p_296_3,posZ
p_296_4,pInt
p_297_0,world
p_297_1,posX
p_297_2,posY
p_297_3,posZ
p_298_0,world
p_298_1,posX
p_298_2,posY
p_298_3,posZ
p_299_0,world
p_299_1,posX
p_299_2,posY
p_299_3,posZ
p_299_4,metadata
p_300_0,world
p_300_1,posX
p_300_2,posY
p_300_3,posZ
p_300_4,pInt
p_300_5,pInt1
p_301_0,world
p_301_1,posX
p_301_2,posY
p_301_3,posZ
p_303_0,world
p_303_1,posX
p_303_2,posY
p_303_3,posZ
p_305_0,world
p_305_1,posX
p_305_2,posY
p_305_3,posZ
p_308_0,world
p_308_1,pInt
p_308_2,pInt1
p_308_3,pInt2
p_310_0,graphicsLevel
p_311_0,world
p_311_1,posX
p_311_2,posY
p_311_3,posZ
p_311_4,pFlag
p_312_0,metadata
p_313_0,state
p_314_0,world
p_314_1,posX
p_314_2,posY
p_314_3,posZ
p_315_0,world
p_315_1,posX
p_315_2,posY
p_315_3,posZ
p_316_0,world
p_316_1,posX
p_316_2,posY
p_316_3,posZ
p_317_0,world
p_317_1,posX
p_317_2,posY
p_317_3,posZ
p_317_4,metadata
p_318_0,world
p_318_1,posX
p_318_2,posY
p_318_3,posZ
p_319_0,world
p_319_1,posX
p_319_2,posY
p_319_3,posZ
p_320_0,world
p_320_1,posX
p_320_2,posY
p_320_3,posZ
p_321_0,id
p_321_1,packetClass
p_322_0,out
p_323_0,handler
p_324_0,in
p_325_0,id
p_327_0,in
p_328_0,packet
p_328_1,out
p_331_0,name
p_331_1,posX
p_331_2,posY
p_331_3,posZ
p_331_4,volume
p_331_5,pitch
p_336_0,name
p_336_1,posX
p_336_2,posY
p_336_3,posZ
p_336_4,volume
p_336_5,pitch
p_337_0,name
p_337_1,volume
p_337_2,pitch
p_338_0,entity
p_338_1,partialTicks
p_340_0,options
p_342_0,aabb
p_343_0,xPosition
p_343_1,yPosition
p_343_2,zPosition
p_344_0,minX
p_344_1,minY
p_344_2,minZ
p_344_3,maxX
p_344_4,maxY
p_344_5,maxZ
p_346_0,angleX
p_346_1,angleY
p_347_0,posX
p_347_1,posY
p_347_2,posZ
p_348_0,motionX
p_348_1,motionY
p_348_2,motionZ
p_349_0,motionX
p_349_1,motionY
p_349_2,motionZ
p_351_0,strafe
p_351_1,forward
p_351_2,friction
p_352_0,tag
p_353_0,player
p_355_0,damage
p_357_0,tag
p_358_0,tag
p_360_0,posX
p_360_1,posY
p_360_2,posZ
p_361_0,posX
p_361_1,posY
p_361_2,posZ
p_363_0,tag
p_364_0,entity
p_364_1,increment
p_365_0,posX
p_365_1,posY
p_365_2,posZ
p_365_3,rotationYaw
p_365_4,rotationPitch
p_367_0,itemID
p_367_1,itemCount
p_368_0,tag
p_371_0,width
p_371_1,height
p_375_0,elements
p_376_0,rotationYaw
p_376_1,rotationPitch
p_377_0,elements
p_378_0,posX
p_378_1,posY
p_378_2,posZ
p_378_3,rotationYaw
p_378_4,rotationPitch
p_378_5,increments
p_379_0,entity
p_380_0,entity
p_382_0,partialTicks
p_383_0,entity
p_384_0,distance
p_387_0,entity
p_390_0,vector
p_393_0,material
p_394_0,itemID
p_394_1,itemCount
p_394_2,offset
p_396_0,entity
p_396_1,damage
p_398_0,worldObj
p_399_0,posX
p_399_1,posY
p_399_2,posZ
p_399_3,rotationYaw
p_399_4,rotationPitch
p_4007_0,throwable
p_4009_0,renderManager
p_400_0,fallDistance
p_4011_0,entity
p_4011_1,posX
p_4011_2,posY
p_4011_3,posZ
p_4011_4,yaw
p_4011_5,partialTicks
p_4012_0,entity
p_4012_1,posX
p_4012_2,posY
p_4012_3,posZ
p_4012_4,yaw
p_4012_5,partialTicks
p_4013_0,renderPassModel
p_4014_0,entity
p_4014_1,partialTicks
p_4015_0,entity
p_4015_1,partialTicks
p_4018_0,block
p_4019_0,itemStack
p_4019_1,entity
p_4020_0,entity
p_4021_0,itemStack
p_4021_1,entity
p_4022_0,iconIndex
p_4024_0,stepSound
p_4026_0,world
p_4026_1,posX
p_4026_2,posY
p_4026_3,posZ
p_4026_4,entity
p_4027_0,world
p_4027_1,posX
p_4027_2,posY
p_4027_3,posZ
p_4031_0,world
p_4031_1,posX
p_4031_2,posY
p_4031_3,posZ
p_4032_0,world
p_4032_1,posX
p_4032_2,posY
p_4032_3,posZ
p_403_0,coordX
p_403_1,coordY
p_403_2,coordZ
p_4041_0,pInt
p_4041_1,pInt1
p_4041_2,pInt2
p_4042_0,motionX
p_4042_1,motionY
p_4042_2,motionZ
p_4042_3,pFloat
p_4042_4,pFloat1
p_4044_0,damage
p_4049_0,entityToAttack
p_4050_0,waypointX
p_4050_1,waypointY
p_4050_2,waypointZ
p_4050_3,pDouble
p_4052_0,sign
p_4057_0,pDoubleA
p_4057_1,pInt
p_4057_2,pInt1
p_4057_3,pInt2
p_4057_4,pInt3
p_4057_5,pInt4
p_4057_6,pInt5
p_4058_0,pInt
p_4058_1,pInt1
p_4058_2,pByteA
p_4059_0,pInt
p_4059_1,pInt1
p_4059_2,pByteA
p_405_0,pFloat
p_4060_0,pInt
p_4060_1,pInt1
p_4060_2,pByteA
p_4060_3,biomes
p_4060_4,pDoubleA
p_4061_0,pDoubleA
p_4061_1,pInt
p_4061_2,pInt1
p_4061_3,pInt2
p_4061_4,pInt3
p_4061_5,pInt4
p_4061_6,pInt5
p_4062_0,pInt
p_4062_1,pInt1
p_4062_2,pByteA
p_4062_3,biomes
p_4063_0,width
p_4063_1,height
p_4064_0,partialTicks
p_4064_1,width
p_4064_2,height
p_4065_0,partialTicks
p_4065_1,width
p_4065_2,height
p_4066_0,partialTicks
p_4066_1,pFlag
p_4066_2,width
p_4066_3,height
p_4067_0,address
p_4067_1,port
p_4068_0,partialTicks
p_4069_0,pInt
p_4069_1,pInt1
p_4069_2,pInt2
p_4069_3,pInt3
p_406_0,tessellator
p_406_1,pFloat
p_406_2,pFloat1
p_406_3,pFloat2
p_406_4,pFloat3
p_406_5,pFloat4
p_406_6,pFloat5
p_4070_0,biomes
p_4070_1,posX
p_4070_2,posZ
p_4070_3,width
p_4070_4,depth
p_4071_0,pDoubleA
p_4071_1,pInt
p_4071_2,pInt1
p_4071_3,pInt2
p_4071_4,pInt3
p_4072_0,posX
p_4072_1,posZ
p_4073_0,posX
p_4073_1,posZ
p_4074_0,coords
p_4078_0,skyBlock
p_4078_1,posX
p_4078_2,posY
p_4078_3,posZ
p_4078_4,light
p_4079_0,entity
p_4079_1,partialTicks
p_407_0,multiplier
p_4081_0,file
p_4082_0,partialTicks
p_4083_0,posX
p_4083_1,posZ
p_4084_0,entity
p_4084_1,forceUpdate
p_4085_0,entityClass
p_4086_0,posX
p_4086_1,posY
p_4086_2,posZ
p_4087_0,world
p_408_0,posX
p_408_1,posY
p_408_2,posZ
p_408_3,velocity
p_408_4,inaccuracy
p_4092_0,file
p_4095_0,worldObj
p_4096_0,celestialAngle
p_4096_1,partialTicks
p_4097_0,celestialAngle
p_4097_1,partialTicks
p_4100_0,worldTime
p_4100_1,partialTicks
p_4101_0,dimensionID
p_4102_0,posX
p_4102_1,posZ
p_4105_0,itemStack
p_4106_0,world
p_4106_1,entity
p_4107_0,world
p_4107_1,entity
p_4108_0,world
p_4108_1,entity
p_4109_0,pDoubleA
p_4109_1,pInt
p_4109_2,pInt1
p_4109_3,pInt2
p_4109_4,pInt3
p_4109_5,pDouble
p_4109_6,pDouble1
p_4109_7,pDouble2
p_4110_0,pInt
p_4110_1,pDouble
p_4110_2,pDouble1
p_4111_0,pDoubleA
p_4111_1,pDouble
p_4111_2,pDouble1
p_4111_3,pInt
p_4111_4,pInt1
p_4111_5,pDouble2
p_4111_6,pDouble3
p_4111_7,pDouble4
p_4111_8,pDouble5
p_4112_0,pDoubleA
p_4112_1,pDouble
p_4112_2,pDouble1
p_4112_3,pInt
p_4112_4,pInt1
p_4112_5,pDouble2
p_4112_6,pDouble3
p_4112_7,pDouble4
p_4113_0,packet
p_4114_0,packet
p_4115_0,packet
p_4117_0,entityClass
p_4118_0,creatureType
p_4119_0,pFloat
p_4119_1,pFloat1
p_411_0,pInt
p_4121_0,pDouble
p_4121_1,pDouble1
p_4123_0,color
p_4124_0,pInt
p_4125_0,biomeName
p_4126_0,temperature
p_4127_0,world
p_4128_0,pInt
p_4128_1,pInt1
p_4128_10,pByteA
p_4128_11,pDouble
p_4128_2,pDouble1
p_4128_3,pDouble2
p_4128_4,pFloat
p_4128_5,pFloat1
p_4128_6,pFloat2
p_4128_7,pInt2
p_4128_8,pInt3
p_4128_9,pDouble3
p_4129_0,pInt
p_4129_1,pInt1
p_4129_2,pByteA
p_4129_3,pDouble
p_4129_4,pDouble1
p_4129_5,pDouble2
p_412_0,pInt
p_4132_0,itemStack
p_4133_0,partialTicks
p_4134_0,partialTicks
p_4135_0,partialTicks
p_4135_1,offsetX
p_4136_0,partialTicks
p_4137_0,partialTicks
p_4138_0,partialTicks
p_4139_0,partialTicks
p_4139_1,pass
p_4140_0,partialTicks
p_4141_0,partialTicks
p_4142_0,partialTicks
p_4144_0,tileEntityClass
p_4146_0,temperature
p_4146_1,humidity
p_4147_0,temperature
p_4147_1,humidity
p_4148_0,minecraftDir
p_4148_1,width
p_4148_2,height
p_4150_0,vector
p_4152_0,block
p_4152_1,posX
p_4152_2,posY
p_4152_3,posZ
p_4152_4,red
p_4152_5,green
p_4152_6,blue
p_4153_0,world
p_4153_1,posX
p_4153_2,posZ
p_4154_0,world
p_4155_0,pDouble
p_4156_0,pIntA
p_4156_1,pDouble
p_4156_2,pDouble1
p_4157_0,pDoubleA
p_4157_1,pDouble
p_4157_2,pDouble1
p_4157_3,pInt
p_4157_4,pInt1
p_4157_5,pDouble2
p_4157_6,pDouble3
p_4157_7,pDouble4
p_416_0,distance
p_416_1,partialTicks
p_417_0,currentRotation
p_417_1,targetRotation
p_417_2,maxIncrement
p_419_0,entity
p_420_0,entity
p_426_0,entity
p_426_1,maxIncrement
p_427_0,partialTicks
p_430_0,partialTicks
p_431_0,partialTicks
p_432_0,increment
p_434_0,entity
p_434_1,motionX
p_434_2,motionY
p_434_3,motionZ
p_435_0,strafe
p_435_1,forward
p_437_0,player
p_437_1,entityAttacked
p_439_0,posX
p_439_1,posY
p_439_2,posZ
p_440_0,partialTicks
p_441_0,slimeSize
p_443_0,entity
p_443_1,itemStackSize
p_444_0,itemStack
p_444_1,randomChoice
p_446_0,entityItem
p_449_0,itemStack
p_450_0,block
p_451_0,entity
p_452_0,inventory
p_453_0,furnace
p_454_0,block
p_460_0,key
p_460_1,keyState
p_461_0,message
p_463_0,entity
p_466_0,pDouble
p_466_1,pDouble1
p_466_2,pDouble2
p_467_0,motionX
p_467_1,motionY
p_467_2,motionZ
p_467_3,pFloat
p_467_4,pFloat1
p_468_0,slot
p_472_0,slot
p_472_1,itemStack
p_473_0,slot
p_473_1,decrement
p_476_0,entityClass
p_476_1,name
p_477_0,tag
p_480_0,posX
p_480_1,posY
p_480_2,posZ
p_481_0,tag
p_482_0,tag
p_486_0,resultID
p_488_0,itemStack
p_489_0,scale
p_490_0,scale
p_492_0,slot
p_493_0,tag
p_495_0,itemID
p_495_1,increment
p_496_0,itemID
p_496_1,isInTestMode
p_497_0,itemID
p_498_0,itemID
p_500_0,p_500_0
p_501_0,p_501_0
p_501_1,p_501_1
p_502_0,p_502_0
p_504_0,p_504_0
p_505_0,p_505_0
p_507_0,p_507_0
p_508_0,p_508_0
p_509_0,p_509_0
p_510_0,p_510_0
p_513_0,p_513_0
p_514_0,p_514_0
p_514_1,p_514_1
p_514_2,p_514_2
p_515_0,p_515_0
p_515_1,p_515_1
p_515_2,p_515_2
p_515_3,p_515_3
p_516_0,p_516_0
p_516_1,p_516_1
p_516_2,p_516_2
p_516_3,p_516_3
p_516_4,p_516_4
p_517_0,p_517_0
p_517_1,p_517_1
p_517_2,p_517_2
p_520_0,p_520_0
p_520_1,p_520_1
p_520_2,p_520_2
p_522_0,p_522_0
p_522_1,p_522_1
p_522_2,p_522_2
p_523_0,p_523_0
p_523_1,p_523_1
p_523_2,p_523_2
p_523_3,p_523_3
p_523_4,p_523_4
p_523_5,p_523_5
p_524_0,p_524_0
p_524_1,p_524_1
p_526_0,p_526_0
p_527_0,p_527_0
p_528_0,p_528_0
p_530_0,p_530_0
p_531_0,p_531_0
p_533_0,p_533_0
p_533_1,p_533_1
p_534_0,p_534_0
p_534_1,p_534_1
p_534_2,p_534_2
p_535_0,p_535_0
p_535_1,p_535_1
p_537_0,p_537_0
p_537_1,p_537_1
p_538_0,p_538_0
p_538_1,p_538_1
p_539_0,p_539_0
p_539_1,p_539_1
p_540_0,p_540_0
p_541_0,p_541_0
p_542_0,p_542_0
p_542_1,p_542_1
p_543_0,p_543_0
p_543_1,p_543_1
p_547_0,p_547_0
p_547_1,p_547_1
p_547_2,p_547_2
p_547_3,p_547_3
p_547_4,p_547_4
p_548_0,p_548_0
p_548_1,p_548_1
p_548_2,p_548_2
p_548_3,p_548_3
p_548_4,p_548_4
p_549_0,p_549_0
p_549_1,p_549_1
p_549_2,p_549_2
p_549_3,p_549_3
p_549_4,p_549_4
p_549_5,p_549_5
p_550_0,p_550_0
p_550_1,p_550_1
p_550_2,p_550_2
p_550_3,p_550_3
p_550_4,p_550_4
p_550_5,p_550_5
p_551_0,p_551_0
p_551_1,p_551_1
p_551_2,p_551_2
p_551_3,p_551_3
p_551_4,p_551_4
p_552_0,p_552_0
p_553_0,p_553_0
p_554_0,p_554_0
p_554_1,p_554_1
p_554_2,p_554_2
p_554_3,p_554_3
p_558_0,p_558_0
p_559_0,p_559_0
p_559_1,p_559_1
p_560_0,p_560_0
p_560_1,p_560_1
p_560_2,p_560_2
p_561_0,p_561_0
p_561_1,p_561_1
p_561_2,p_561_2
p_562_0,p_562_0
p_562_1,p_562_1
p_562_2,p_562_2
p_565_0,p_565_0
p_565_1,p_565_1
p_565_2,p_565_2
p_567_0,p_567_0
p_568_0,p_568_0
p_568_1,p_568_1
p_571_0,p_571_0
p_571_1,p_571_1
p_571_2,p_571_2
p_572_0,p_572_0
p_573_0,p_573_0
p_573_1,p_573_1
p_573_2,p_573_2
p_579_0,p_579_0
p_580_0,p_580_0
p_580_1,p_580_1
p_581_0,p_581_0
p_582_0,p_582_0
p_582_1,p_582_1
p_583_0,p_583_0
p_584_0,p_584_0
p_586_0,p_586_0
p_588_0,p_588_0
p_588_1,p_588_1
p_589_0,p_589_0
p_590_0,p_590_0
p_593_0,p_593_0
p_594_0,p_594_0
p_595_0,p_595_0
p_596_0,p_596_0
p_597_0,p_597_0
p_598_0,p_598_0
p_598_1,p_598_1
p_598_2,p_598_2
p_599_0,p_599_0
p_599_1,p_599_1
p_599_2,p_599_2
p_600_0,p_600_0
p_600_1,p_600_1
p_600_2,p_600_2
p_601_0,p_601_0
p_601_1,p_601_1
p_601_2,p_601_2
p_602_0,p_602_0
p_602_1,p_602_1
p_602_2,p_602_2
p_603_0,p_603_0
p_603_1,p_603_1
p_603_2,p_603_2
p_604_0,p_604_0
p_605_0,p_605_0
p_606_0,p_606_0
p_607_0,p_607_0
p_608_0,p_608_0
p_609_0,p_609_0
p_609_1,p_609_1
p_611_0,p_611_0
p_611_1,p_611_1
p_611_2,p_611_2
p_611_3,p_611_3
p_612_0,p_612_0
p_612_1,p_612_1
p_612_2,p_612_2
p_612_3,p_612_3
p_613_0,p_613_0
p_614_0,p_614_0
p_614_1,p_614_1
p_615_0,p_615_0
p_615_1,p_615_1
p_616_0,p_616_0
p_616_1,p_616_1
p_616_2,p_616_2
p_616_3,p_616_3
p_616_4,p_616_4
p_616_5,p_616_5
p_616_6,p_616_6
p_617_0,p_617_0
p_617_1,p_617_1
p_617_2,p_617_2
p_617_3,p_617_3
p_618_0,p_618_0
p_618_1,p_618_1
p_618_2,p_618_2
p_619_0,p_619_0
p_620_0,p_620_0
p_620_1,p_620_1
p_621_0,p_621_0
p_6238_0,p_6238_0
p_623_0,p_623_0
p_623_1,p_623_1
p_623_2,p_623_2
p_623_3,p_623_3
p_6243_0,p_6243_0
p_6247_0,p_6247_0
p_6249_0,p_6249_0
p_6249_1,p_6249_1
p_6250_0,p_6250_0
p_6253_0,p_6253_0
p_6253_1,p_6253_1
p_6253_2,p_6253_2
p_6254_0,p_6254_0
p_6254_1,p_6254_1
p_6255_0,p_6255_0
p_6256_0,p_6256_0
p_6256_1,p_6256_1
p_6256_2,p_6256_2
p_6258_0,p_6258_0
p_6258_1,p_6258_1
p_625_0,p_625_0
p_625_1,p_625_1
p_625_2,p_625_2
p_6261_0,p_6261_0
p_6263_0,p_6263_0
p_6263_1,p_6263_1
p_6264_0,p_6264_0
p_6268_0,p_6268_0
p_6268_1,p_6268_1
p_6269_0,p_6269_0
p_6269_1,p_6269_1
p_6272_0,p_6272_0
p_6274_0,p_6274_0
p_6274_1,p_6274_1
p_6274_2,p_6274_2
p_6274_3,p_6274_3
p_6274_4,p_6274_4
p_6274_5,p_6274_5
p_627_0,p_627_0
p_627_1,p_627_1
p_627_2,p_627_2
p_627_3,p_627_3
p_627_4,p_627_4
p_627_5,p_627_5
p_627_6,p_627_6
p_627_7,p_627_7
p_628_0,p_628_0
p_629_0,p_629_0
p_629_1,p_629_1
p_630_0,p_630_0
p_630_1,p_630_1
p_630_2,p_630_2
p_632_0,p_632_0
p_6330_0,p_6330_0
p_6330_1,p_6330_1
p_6331_0,p_6331_0
p_6331_1,p_6331_1
p_634_0,p_634_0
p_634_1,p_634_1
p_634_2,p_634_2
p_634_3,p_634_3
p_635_0,p_635_0
p_635_1,p_635_1
p_635_2,p_635_2
p_635_3,p_635_3
p_6360_0,p_6360_0
p_6360_1,p_6360_1
p_6360_2,p_6360_2
p_6360_3,p_6360_3
p_6361_0,p_6361_0
p_6361_1,p_6361_1
p_6361_2,p_6361_2
p_6361_3,p_6361_3
p_6361_4,p_6361_4
p_6362_0,p_6362_0
p_6362_1,p_6362_1
p_6362_2,p_6362_2
p_6362_3,p_6362_3
p_6362_4,p_6362_4
p_636_0,p_636_0
p_6372_0,p_6372_0
p_6372_1,p_6372_1
p_6373_0,p_6373_0
p_6373_1,p_6373_1
p_6374_0,p_6374_0
p_6374_1,p_6374_1
p_6375_0,p_6375_0
p_6375_1,p_6375_1
p_6375_2,p_6375_2
p_6377_0,p_6377_0
p_6378_0,p_6378_0
p_637_0,p_637_0
p_637_1,p_637_1
p_637_2,p_637_2
p_637_3,p_637_3
p_637_4,p_637_4
p_639_0,p_639_0
p_639_1,p_639_1
p_640_0,p_640_0
p_640_1,p_640_1
p_640_2,p_640_2
p_640_3,p_640_3
p_640_4,p_640_4
p_640_5,p_640_5
p_6415_0,p_6415_0
p_641_0,p_641_0
p_641_1,p_641_1
p_641_2,p_641_2
p_641_3,p_641_3
p_642_0,p_642_0
p_642_1,p_642_1
p_642_2,p_642_2
p_643_0,p_643_0
p_643_1,p_643_1
p_643_2,p_643_2
p_643_3,p_643_3
p_643_4,p_643_4
p_6447_0,p_6447_0
p_6447_1,p_6447_1
p_6447_2,p_6447_2
p_6452_0,p_6452_0
p_6452_1,p_6452_1
p_6452_2,p_6452_2
p_6452_3,p_6452_3
p_645_0,p_645_0
p_645_1,p_645_1
p_6466_0,p_6466_0
p_6466_1,p_6466_1
p_6466_2,p_6466_2
p_6466_3,p_6466_3
p_6467_0,p_6467_0
p_646_0,p_646_0
p_646_1,p_646_1
p_646_2,p_646_2
p_6470_0,p_6470_0
p_6470_1,p_6470_1
p_6470_2,p_6470_2
p_6470_3,p_6470_3
p_6471_0,p_6471_0
p_6471_1,p_6471_1
p_6471_2,p_6471_2
p_6472_0,p_6472_0
p_6472_1,p_6472_1
p_6473_0,p_6473_0
p_6475_0,p_6475_0
p_6475_1,p_6475_1
p_6476_0,p_6476_0
p_647_0,p_647_0
p_647_1,p_647_1
p_647_2,p_647_2
p_6481_0,p_6481_0
p_6483_0,p_6483_0
p_6484_0,p_6484_0
p_6485_0,p_6485_0
p_648_0,p_648_0
p_6492_0,p_6492_0
p_6497_0,p_6497_0
p_6498_0,p_6498_0
p_6499_0,p_6499_0
p_6507_0,p_6507_0
p_650_0,p_650_0
p_6510_0,p_6510_0
p_6513_0,p_6513_0
p_6513_1,p_6513_1
p_651_0,p_651_0
p_6526_0,p_6526_0
p_6531_0,p_6531_0
p_653_0,p_653_0
p_654_0,p_654_0
p_654_1,p_654_1
p_654_2,p_654_2
p_654_3,p_654_3
p_655_0,p_655_0
p_655_1,p_655_1
p_655_2,p_655_2
p_655_3,p_655_3
p_657_0,p_657_0
p_657_1,p_657_1
p_659_0,p_659_0
p_659_1,p_659_1
p_662_0,p_662_0
p_664_0,p_664_0
p_664_1,p_664_1
p_664_2,p_664_2
p_664_3,p_664_3
p_664_4,p_664_4
p_665_0,p_665_0
p_665_1,p_665_1
p_665_2,p_665_2
p_666_0,p_666_0
p_666_1,p_666_1
p_667_0,p_667_0
p_668_0,p_668_0
p_668_1,p_668_1
p_668_2,p_668_2
p_668_3,p_668_3
p_670_0,p_670_0
p_670_1,p_670_1
p_670_2,p_670_2
p_670_3,p_670_3
p_671_0,p_671_0
p_672_0,p_672_0
p_673_0,p_673_0
p_673_1,p_673_1
p_674_0,p_674_0
p_675_0,p_675_0
p_675_1,p_675_1
p_677_0,p_677_0
p_677_1,p_677_1
p_677_2,p_677_2
p_678_0,p_678_0
p_679_0,p_679_0
p_680_0,p_680_0
p_680_1,p_680_1
p_680_2,p_680_2
p_680_3,p_680_3
p_681_0,p_681_0
p_681_1,p_681_1
p_681_2,p_681_2
p_681_3,p_681_3
p_682_0,p_682_0
p_682_1,p_682_1
p_682_2,p_682_2
p_683_0,p_683_0
p_683_1,p_683_1
p_683_2,p_683_2
p_683_3,p_683_3
p_684_0,p_684_0
p_684_1,p_684_1
p_684_2,p_684_2
p_684_3,p_684_3
p_684_4,p_684_4
p_684_5,p_684_5
p_688_0,p_688_0
p_688_1,p_688_1
p_688_2,p_688_2
p_688_3,p_688_3
p_688_4,p_688_4
p_689_0,p_689_0
p_689_1,p_689_1
p_690_0,p_690_0
p_690_1,p_690_1
p_690_2,p_690_2
p_690_3,p_690_3
p_691_0,p_691_0
p_691_1,p_691_1
p_691_2,p_691_2
p_691_3,p_691_3
p_692_0,p_692_0
p_692_1,p_692_1
p_692_2,p_692_2
p_693_0,p_693_0
p_693_1,p_693_1
p_693_2,p_693_2
p_693_3,p_693_3
p_693_4,p_693_4
p_693_5,p_693_5
p_693_6,p_693_6
p_694_0,p_694_0
p_694_1,p_694_1
p_694_2,p_694_2
p_694_3,p_694_3
p_694_4,p_694_4
p_694_5,p_694_5
p_694_6,p_694_6
p_695_0,p_695_0
p_695_1,p_695_1
p_695_2,p_695_2
p_695_3,p_695_3
p_695_4,p_695_4
p_696_0,p_696_0
p_696_1,p_696_1
p_697_0,p_697_0
p_697_1,p_697_1
p_698_0,p_698_0
p_698_1,p_698_1
p_698_2,p_698_2
p_698_3,p_698_3
p_699_0,p_699_0
p_699_1,p_699_1
p_699_2,p_699_2
p_699_3,p_699_3
p_700_0,p_700_0
p_701_0,p_701_0
p_701_1,p_701_1
p_701_2,p_701_2
p_701_3,p_701_3
p_701_4,p_701_4
p_701_5,p_701_5
p_702_0,p_702_0
p_702_1,p_702_1
p_702_2,p_702_2
p_704_0,p_704_0
p_704_1,p_704_1
p_705_0,p_705_0
p_706_0,p_706_0
p_706_1,p_706_1
p_706_2,p_706_2
p_706_3,p_706_3
p_707_0,p_707_0
p_707_1,p_707_1
p_708_0,p_708_0
p_708_1,p_708_1
p_708_2,p_708_2
p_709_0,p_709_0
p_710_0,p_710_0
p_711_0,p_711_0
p_711_1,p_711_1
p_711_2,p_711_2
p_711_3,p_711_3
p_711_4,p_711_4
p_711_5,p_711_5
p_712_0,p_712_0
p_712_1,p_712_1
p_713_0,p_713_0
p_713_1,p_713_1
p_713_2,p_713_2
p_714_0,p_714_0
p_714_1,p_714_1
p_714_2,p_714_2
p_714_3,p_714_3
p_714_4,p_714_4
p_716_0,p_716_0
p_716_1,p_716_1
p_716_2,p_716_2
p_716_3,p_716_3
p_717_0,p_717_0
p_719_0,p_719_0
p_719_1,p_719_1
p_719_2,p_719_2
p_719_3,p_719_3
p_722_0,p_722_0
p_722_1,p_722_1
p_722_2,p_722_2
p_722_3,p_722_3
p_722_4,p_722_4
p_722_5,p_722_5
p_722_6,p_722_6
p_729_0,p_729_0
p_729_1,p_729_1
p_729_2,p_729_2
p_729_3,p_729_3
p_731_0,p_731_0
p_732_0,p_732_0
p_734_0,p_734_0
p_735_0,p_735_0
p_736_0,p_736_0
p_738_0,p_738_0
p_738_1,p_738_1
p_739_0,p_739_0
p_741_0,p_741_0
p_742_0,p_742_0
p_743_0,p_743_0
p_744_0,p_744_0
p_744_1,p_744_1
p_745_0,p_745_0
p_746_0,p_746_0
p_747_0,p_747_0
p_747_1,p_747_1
p_748_0,p_748_0
p_748_1,p_748_1
p_749_0,p_749_0
p_749_1,p_749_1
p_750_0,p_750_0
p_750_1,p_750_1
p_751_0,p_751_0
p_752_0,p_752_0
p_753_0,p_753_0
p_754_0,p_754_0
p_754_1,p_754_1
p_755_0,p_755_0
p_756_0,p_756_0
p_757_0,p_757_0
p_758_0,p_758_0
p_758_1,p_758_1
p_759_0,p_759_0
p_760_0,p_760_0
p_761_0,p_761_0
p_761_1,p_761_1
p_762_0,p_762_0
p_762_1,p_762_1
p_763_0,p_763_0
p_763_1,p_763_1
p_764_0,p_764_0
p_765_0,p_765_0
p_765_1,p_765_1
p_766_0,p_766_0
p_770_0,p_770_0
p_770_1,p_770_1
p_770_2,p_770_2
p_770_3,p_770_3
p_771_0,p_771_0
p_771_1,p_771_1
p_771_2,p_771_2
p_776_0,p_776_0
p_781_0,p_781_0
p_781_1,p_781_1
p_782_0,p_782_0
p_784_0,p_784_0
p_784_1,p_784_1
p_784_2,p_784_2
p_786_0,p_786_0
p_786_1,p_786_1
p_786_2,p_786_2
p_787_0,p_787_0
p_788_0,p_788_0
p_791_0,p_791_0
p_792_0,p_792_0
p_793_0,p_793_0
p_794_0,p_794_0
p_794_1,p_794_1
p_794_2,p_794_2
p_795_0,p_795_0
p_796_0,p_796_0
p_796_1,p_796_1
p_797_0,p_797_0
p_799_0,p_799_0
p_801_0,p_801_0
p_801_1,p_801_1
p_802_0,p_802_0
p_802_1,p_802_1
p_802_2,p_802_2
p_803_0,p_803_0
p_803_1,p_803_1
p_803_2,p_803_2
p_803_3,p_803_3
p_804_0,p_804_0
p_804_1,p_804_1
p_804_2,p_804_2
p_805_0,p_805_0
p_805_1,p_805_1
p_805_10,p_805_10
p_805_2,p_805_2
p_805_3,p_805_3
p_805_4,p_805_4
p_805_5,p_805_5
p_805_6,p_805_6
p_805_7,p_805_7
p_805_8,p_805_8
p_805_9,p_805_9
p_806_0,p_806_0
p_806_1,p_806_1
p_807_0,p_807_0
p_807_1,p_807_1
p_807_2,p_807_2
p_807_3,p_807_3
p_807_4,p_807_4
p_807_5,p_807_5
p_807_6,p_807_6
p_807_7,p_807_7
p_807_8,p_807_8
p_807_9,p_807_9
p_808_0,p_808_0
p_808_1,p_808_1
p_810_0,p_810_0
p_812_0,p_812_0
p_812_1,p_812_1
p_813_0,p_813_0
p_813_1,p_813_1
p_813_2,p_813_2
p_815_0,p_815_0
p_815_1,p_815_1
p_816_0,p_816_0
p_816_1,p_816_1
p_817_0,p_817_0
p_817_1,p_817_1
p_818_0,p_818_0
p_818_1,p_818_1
p_818_2,p_818_2
p_819_0,p_819_0
p_820_0,p_820_0
p_821_0,p_821_0
p_822_0,p_822_0
p_823_0,p_823_0
p_824_0,p_824_0
p_825_0,p_825_0
p_826_0,p_826_0
p_827_0,p_827_0
p_828_0,p_828_0
p_829_0,p_829_0
p_830_0,p_830_0
p_832_0,p_832_0
p_833_0,p_833_0
p_834_0,p_834_0
p_835_0,p_835_0
p_837_0,p_837_0
p_838_0,p_838_0
p_839_0,p_839_0
p_841_0,p_841_0
p_842_0,p_842_0
p_843_0,p_843_0
p_844_0,p_844_0
p_845_0,p_845_0
p_846_0,p_846_0
p_847_0,p_847_0
p_851_0,p_851_0
p_851_1,p_851_1
p_851_2,p_851_2
p_852_0,p_852_0
p_853_0,p_853_0
p_853_1,p_853_1
p_853_2,p_853_2
p_853_3,p_853_3
p_853_4,p_853_4
p_853_5,p_853_5
p_854_0,p_854_0
p_854_1,p_854_1
p_855_0,p_855_0
p_857_0,p_857_0
p_857_1,p_857_1
p_857_2,p_857_2
p_857_3,p_857_3
p_857_4,p_857_4
p_857_5,p_857_5
p_858_0,p_858_0
p_861_0,p_861_0
p_861_1,p_861_1
p_861_2,p_861_2
p_861_3,p_861_3
p_861_4,p_861_4
p_861_5,p_861_5
p_862_0,p_862_0
p_862_1,p_862_1
p_862_2,p_862_2
p_863_0,p_863_0
p_863_1,p_863_1
p_863_2,p_863_2
p_863_3,p_863_3
p_863_4,p_863_4
p_863_5,p_863_5
p_864_0,p_864_0
p_864_1,p_864_1
p_864_2,p_864_2
p_864_3,p_864_3
p_864_4,p_864_4
p_864_5,p_864_5
p_866_0,p_866_0
p_866_1,p_866_1
p_866_2,p_866_2
p_866_3,p_866_3
p_866_4,p_866_4
p_866_5,p_866_5
p_867_0,p_867_0
p_867_1,p_867_1
p_867_2,p_867_2
p_867_3,p_867_3
p_867_4,p_867_4
p_868_0,p_868_0
p_868_1,p_868_1
p_868_2,p_868_2
p_868_3,p_868_3
p_868_4,p_868_4
p_868_5,p_868_5
p_869_0,p_869_0
p_869_1,p_869_1
p_869_10,p_869_10
p_869_11,p_869_11
p_869_2,p_869_2
p_869_3,p_869_3
p_869_4,p_869_4
p_869_5,p_869_5
p_869_6,p_869_6
p_869_7,p_869_7
p_869_8,p_869_8
p_869_9,p_869_9
p_870_0,p_870_0
p_870_1,p_870_1
p_870_2,p_870_2
p_870_3,p_870_3
p_870_4,p_870_4
p_870_5,p_870_5
p_871_0,p_871_0
p_872_0,p_872_0
p_872_1,p_872_1
p_872_2,p_872_2
p_872_3,p_872_3
p_872_4,p_872_4
p_873_0,p_873_0
p_873_1,p_873_1
p_873_2,p_873_2
p_873_3,p_873_3
p_874_0,p_874_0
p_874_1,p_874_1
p_874_2,p_874_2
p_874_3,p_874_3
p_883_0,p_883_0
p_884_0,p_884_0
p_884_1,p_884_1
p_884_2,p_884_2
p_884_3,p_884_3
p_885_0,p_885_0
p_885_1,p_885_1
p_885_2,p_885_2
p_885_3,p_885_3
p_886_0,p_886_0
p_886_1,p_886_1
p_886_2,p_886_2
p_886_3,p_886_3
p_888_0,p_888_0
p_888_1,p_888_1
p_888_2,p_888_2
p_889_0,p_889_0
p_889_1,p_889_1
p_890_0,p_890_0
p_892_0,p_892_0
p_893_0,p_893_0
p_898_0,p_898_0
p_898_1,p_898_1
p_899_0,p_899_0
p_900_0,p_900_0
p_908_0,p_908_0
p_908_1,p_908_1
p_908_2,p_908_2
p_908_3,p_908_3
p_910_0,p_910_0
p_914_0,p_914_0
p_917_0,p_917_0
p_920_0,p_920_0
p_921_0,p_921_0
p_921_1,p_921_1
p_921_2,p_921_2
p_921_3,p_921_3
p_921_4,p_921_4
p_921_5,p_921_5
p_922_0,p_922_0
p_923_0,p_923_0
p_923_1,p_923_1
p_923_2,p_923_2
p_923_3,p_923_3
p_923_4,p_923_4
p_923_5,p_923_5
p_923_6,p_923_6
p_924_0,p_924_0
p_925_0,p_925_0
p_925_1,p_925_1
p_925_2,p_925_2
p_926_0,p_926_0
p_9279_0,p_9279_0
p_9279_1,p_9279_1
p_9282_0,p_9282_0
p_928_0,p_928_0
p_930_0,p_930_0
p_930_1,p_930_1
p_930_2,p_930_2
p_930_3,p_930_3
p_930_4,p_930_4
p_931_0,p_931_0
p_931_1,p_931_1
p_931_2,p_931_2
p_931_3,p_931_3
p_931_4,p_931_4
p_932_0,p_932_0
p_932_1,p_932_1
p_932_2,p_932_2
p_932_3,p_932_3
p_932_4,p_932_4
p_933_0,p_933_0
p_933_1,p_933_1
p_933_2,p_933_2
p_933_3,p_933_3
p_934_0,p_934_0
p_934_1,p_934_1
p_934_2,p_934_2
p_935_0,p_935_0
p_935_1,p_935_1
p_935_2,p_935_2
p_935_3,p_935_3
p_9372_0,p_9372_0
p_937_0,p_937_0
p_937_1,p_937_1
p_937_2,p_937_2
p_937_3,p_937_3
p_937_4,p_937_4
p_937_5,p_937_5
p_938_0,p_938_0
p_939_0,p_939_0
p_939_1,p_939_1
p_939_2,p_939_2
p_939_3,p_939_3
p_939_4,p_939_4
p_939_5,p_939_5
p_939_6,p_939_6
p_940_0,p_940_0
p_940_1,p_940_1
p_940_2,p_940_2
p_940_3,p_940_3
p_940_4,p_940_4
p_940_5,p_940_5
p_941_0,p_941_0
p_9425_0,p_9425_0
p_9425_1,p_9425_1
p_942_0,p_942_0
p_943_0,p_943_0
p_943_1,p_943_1
p_943_2,p_943_2
p_9446_0,p_9446_0
p_9447_0,p_9447_0
p_9448_0,p_9448_0
p_944_0,p_944_0
p_944_1,p_944_1
p_946_0,p_946_0
p_948_0,p_948_0
p_948_1,p_948_1
p_949_0,p_949_0
p_949_1,p_949_1
p_949_2,p_949_2
p_949_3,p_949_3
p_949_4,p_949_4
p_949_5,p_949_5
p_951_0,p_951_0
p_951_1,p_951_1
p_951_2,p_951_2
p_952_0,p_952_0
p_952_1,p_952_1
p_952_2,p_952_2
p_952_3,p_952_3
p_955_0,p_955_0
p_955_1,p_955_1
p_955_2,p_955_2
p_955_3,p_955_3
p_955_4,p_955_4
p_956_0,p_956_0
p_956_1,p_956_1
p_956_2,p_956_2
p_959_0,p_959_0
p_959_1,p_959_1
p_959_2,p_959_2
p_959_3,p_959_3
p_959_4,p_959_4
p_960_0,p_960_0
p_960_1,p_960_1
p_962_0,p_962_0
p_962_1,p_962_1
p_963_0,p_963_0
p_965_0,p_965_0
p_966_0,p_966_0
p_968_0,p_968_0
p_969_0,p_969_0
p_970_0,p_970_0
p_971_0,p_971_0
p_972_0,p_972_0
p_974_0,p_974_0
p_976_0,p_976_0
p_978_0,p_978_0
p_978_1,p_978_1
p_978_2,p_978_2
p_978_3,p_978_3
p_979_0,p_979_0
p_979_1,p_979_1
p_979_2,p_979_2
p_980_0,p_980_0
p_980_1,p_980_1
p_980_2,p_980_2
p_981_0,p_981_0
p_981_1,p_981_1
p_983_0,p_983_0
p_983_1,p_983_1
p_983_2,p_983_2
p_983_3,p_983_3
p_983_4,p_983_4
p_984_0,p_984_0
p_984_1,p_984_1
p_984_2,p_984_2
p_986_0,p_986_0
p_986_1,p_986_1
p_986_2,p_986_2
p_986_3,p_986_3
p_987_0,p_987_0
p_987_1,p_987_1
p_987_2,p_987_2
p_988_0,p_988_0
p_988_1,p_988_1
p_988_2,p_988_2
p_990_0,p_990_0
p_991_0,p_991_0
p_991_1,p_991_1
p_991_2,p_991_2
p_992_0,p_992_0
p_993_0,p_993_0
p_993_1,p_993_1
p_994_0,p_994_0
p_994_1,p_994_1
p_994_2,p_994_2
p_996_0,p_996_0
p_996_1,p_996_1
p_997_0,p_997_0
p_999_0,p_999_0
p_999_1,p_999_1
p_compareTo_0,o
p_compare_0,objOne
p_compare_1,objTwo
p_equals_0,obj
p_i1005_0,component
p_i1005_1,mcCanvas
p_i1005_2,mcApplet
p_i1005_3,displayWidth
p_i1005_4,displayHeight
p_i1005_5,fullscreen
p_i1066_0,playerEntityId
p_i1066_1,targetEntity
p_i1066_2,isLeftClick
p_i1120_0,itemID
p_i1120_1,ingredientQuality
p_i1137_0,iconIndex
p_i1158_0,mc
p_i1198_0,itemID
p_i1198_1,isFull
p_i1255_0,plantBlockId
p_i1271_0,worldObj
p_i1291_0,soundName
p_i1291_1,soundUrl
p_i1310_0,worldObj
p_i1331_0,blockID
p_i1331_1,blockIndexInTexture
p_i1331_2,glowing
p_i1346_0,xCoord
p_i1346_1,yCoord
p_i1346_2,zCoord
p_i1367_0,blockID
p_i1367_1,blockIndexInTexture
p_i1367_2,triggerMobType
p_i1408_0,guiHandler
p_i1408_1,craftMatrix
p_i1408_2,inventory
p_i1408_3,posX
p_i1408_4,posY
p_i1408_5,posZ
p_i1427_0,worldObj
p_i1444_0,worldObj
p_i1444_1,entity
p_i1445_0,worldObj
p_i1446_0,worldObj
p_i1446_1,posX
p_i1446_2,posY
p_i1446_3,posZ
p_i1464_0,itemID
p_i1464_1,healAmount
p_i1478_0,throwable
p_i1502_0,random
p_i1559_0,worldObj
p_i1559_1,shootingEntity
p_i1559_2,motionX
p_i1559_3,motionY
p_i1559_4,motionZ
p_i1560_0,worldObj
p_i1576_0,xCoord
p_i1576_1,yCoord
p_i1576_2,zCoord
p_i1633_0,itemID
p_i1670_0,worldObj
p_i1688_0,parentScreen
p_i1688_1,options
p_i1731_0,worldObj
p_i1731_1,posX
p_i1731_2,posY
p_i1731_3,posZ
p_i1731_4,motionX
p_i1731_5,motionY
p_i1731_6,motionZ
p_i1747_0,stepSoundName
p_i1747_1,stepSoundPitch
p_i1747_2,stepSoundVolume
p_i1764_0,itemID
p_i1788_0,blockAccess
p_i1841_0,minecraftDir
p_i1841_1,mc
p_i1862_0,blockID
p_i1862_1,blockMaterial
p_i1862_2,torchActive
p_i1897_0,mc
p_i1897_1,worldObj
p_i1897_2,session
p_i1897_3,dimension
p_i1920_0,blockID
p_i1920_1,blockIndexInTexture
p_i1957_0,points
p_i1996_0,blockIndex
p_i2011_0,worldObj
p_i2011_1,tileEntities
p_i2011_2,posX
p_i2011_3,posY
p_i2011_4,posZ
p_i2011_5,size
p_i2011_6,glRenderList
p_i2034_0,worldObj
p_i2053_0,itemID
p_i2070_0,worldObj
p_i2070_1,renderer
p_i2088_0,blockID
p_i2110_0,blockID
p_i2110_1,blockIndexInTexture
p_i2125_0,itemID
p_i2125_1,damageIncrement
p_i2125_2,ingredientQuality
p_i2125_3,blocksEffectiveAgainst
p_i2167_0,width
p_i2167_1,height
p_i2167_2,ingredientMap
p_i2167_3,resultStack
p_i2244_0,name
p_i2244_1,ordinal
p_i2244_2,defaultLightValue
p_i2280_0,modelSize
p_i2317_0,location
p_i2317_1,buffer
p_i2333_0,worldObj
p_i2333_1,entityToPickup
p_i2333_2,entityPickingUp
p_i2333_3,yOffs
p_i2355_0,blockID
p_i2355_1,blockMaterial
p_i2373_0,minX
p_i2373_1,minY
p_i2373_2,minZ
p_i2373_3,maxX
p_i2373_4,maxY
p_i2373_5,maxZ
p_i2430_0,xPosition
p_i2430_1,yPosition
p_i2430_2,stance
p_i2430_3,zPosition
p_i2430_4,yaw
p_i2430_5,pitch
p_i2430_6,onGround
p_i2451_0,worldObj
p_i2451_1,chunkX
p_i2451_2,pInt
p_i2451_3,chunkZ
p_i2451_4,pInt1
p_i2451_5,pInt2
p_i2451_6,pInt3
p_i2471_0,errorMessage
p_i2471_1,errorDetail
p_i2487_0,worldObj
p_i2487_1,chunkLoader
p_i2525_0,blockID
p_i2525_1,blockMaterial
p_i2544_0,p_i2544_0
p_i2544_1,p_i2544_1
p_i2544_2,p_i2544_2
p_i2568_0,p_i2568_0
p_i2568_1,p_i2568_1
p_i2569_0,p_i2569_0
p_i2569_1,p_i2569_1
p_i2569_2,p_i2569_2
p_i2570_0,p_i2570_0
p_i2570_1,p_i2570_1
p_i2570_2,p_i2570_2
p_i2571_0,p_i2571_0
p_i2571_1,p_i2571_1
p_i2571_2,p_i2571_2
p_i2571_3,p_i2571_3
p_i2572_0,p_i2572_0
p_i2572_1,p_i2572_1
p_i2637_0,p_i2637_0
p_i2637_1,p_i2637_1
p_i2637_2,p_i2637_2
p_i2637_3,p_i2637_3
p_i2661_0,p_i2661_0
p_i2661_1,p_i2661_1
p_i2662_0,p_i2662_0
p_i2678_0,p_i2678_0
p_i2698_0,p_i2698_0
p_i2698_1,p_i2698_1
p_i2698_2,p_i2698_2
p_i2698_3,p_i2698_3
p_i2715_0,p_i2715_0
p_i2715_1,p_i2715_1
p_i2735_0,p_i2735_0
p_i2735_1,p_i2735_1
p_i2758_0,p_i2758_0
p_i2810_0,p_i2810_0
p_i2846_0,p_i2846_0
p_i2905_0,p_i2905_0
p_i2906_0,p_i2906_0
p_i2906_1,p_i2906_1
p_i2906_2,p_i2906_2
p_i2906_3,p_i2906_3
p_i2926_0,p_i2926_0
p_i2998_0,p_i2998_0
p_i3023_0,p_i3023_0
p_i3024_0,p_i3024_0
p_i3024_1,p_i3024_1
p_i3024_2,p_i3024_2
p_i3024_3,p_i3024_3
p_i3042_0,p_i3042_0
p_i3042_1,p_i3042_1
p_i3057_0,p_i3057_0
p_i3097_0,p_i3097_0
p_i3097_1,p_i3097_1
p_i3114_0,p_i3114_0
p_i3114_1,p_i3114_1
p_i3134_0,p_i3134_0
p_i3134_1,p_i3134_1
p_i3154_0,p_i3154_0
p_i3171_0,p_i3171_0
p_i3171_1,p_i3171_1
p_i3188_0,p_i3188_0
p_i3188_1,p_i3188_1
p_i3188_2,p_i3188_2
p_i3188_3,p_i3188_3
p_i3188_4,p_i3188_4
p_i3213_0,p_i3213_0
p_i3213_1,p_i3213_1
p_i3213_2,p_i3213_2
p_i3213_3,p_i3213_3
p_i3213_4,p_i3213_4
p_i3213_5,p_i3213_5
p_i3213_6,p_i3213_6
p_i3226_0,p_i3226_0
p_i3267_0,p_i3267_0
p_i3267_1,p_i3267_1
p_i3287_0,p_i3287_0
p_i3287_1,p_i3287_1
p_i3287_2,p_i3287_2
p_i3303_0,p_i3303_0
p_i3303_1,p_i3303_1
p_i3402_0,p_i3402_0
p_i3402_1,p_i3402_1
p_i3402_2,p_i3402_2
p_i3402_3,p_i3402_3
p_i3402_4,p_i3402_4
p_i3403_0,p_i3403_0
p_i3419_0,p_i3419_0
p_i3439_0,p_i3439_0
p_i3439_1,p_i3439_1
p_i3454_0,p_i3454_0
p_i3454_1,p_i3454_1
p_i3514_0,p_i3514_0
p_i3514_1,p_i3514_1
p_i3553_0,p_i3553_0
p_i3553_1,p_i3553_1
p_i3553_2,p_i3553_2
p_i3554_0,p_i3554_0
p_i3554_1,p_i3554_1
p_i3554_2,p_i3554_2
p_i3554_3,p_i3554_3
p_i3554_4,p_i3554_4
p_i3555_0,p_i3555_0
p_i3555_1,p_i3555_1
p_i3555_2,p_i3555_2
p_i3587_0,p_i3587_0
p_i3629_0,p_i3629_0
p_i3629_1,p_i3629_1
p_i3650_0,p_i3650_0
p_i3682_0,p_i3682_0
p_i3745_0,p_i3745_0
p_i3745_1,p_i3745_1
p_i3783_0,p_i3783_0
p_i3783_1,p_i3783_1
p_i3783_2,p_i3783_2
p_i3783_3,p_i3783_3
p_i3783_4,p_i3783_4
p_i3784_0,p_i3784_0
p_i3784_1,p_i3784_1
p_i3784_2,p_i3784_2
p_i3784_3,p_i3784_3
p_i3839_0,p_i3839_0
p_i3839_1,p_i3839_1
p_i3856_0,p_i3856_0
p_i3856_1,p_i3856_1
p_i3856_2,p_i3856_2
p_i3856_3,p_i3856_3
p_i3856_4,p_i3856_4
p_i3856_5,p_i3856_5
p_i3856_6,p_i3856_6
p_i3914_0,p_i3914_0
p_i3934_0,p_i3934_0
p_i3934_1,p_i3934_1
p_i3934_2,p_i3934_2
p_i3935_0,p_i3935_0
p_i3936_0,p_i3936_0
p_i3936_1,p_i3936_1
p_i3937_0,p_i3937_0
p_i3937_1,p_i3937_1
p_i3938_0,p_i3938_0
p_i3939_0,p_i3939_0
p_i3940_0,p_i3940_0
p_i3940_1,p_i3940_1
p_i3941_0,p_i3941_0
p_i4025_0,p_i4025_0
p_i4025_1,p_i4025_1
p_i4048_0,p_i4048_0
p_i4066_0,p_i4066_0
p_i4066_1,p_i4066_1
p_i4084_0,p_i4084_0
p_i4106_0,p_i4106_0
p_i4106_1,p_i4106_1
p_i4106_2,p_i4106_2
p_i4106_3,p_i4106_3
p_i4125_0,p_i4125_0
p_i4125_1,p_i4125_1
p_i4178_0,p_i4178_0
p_i4179_0,p_i4179_0
p_i4179_1,p_i4179_1
p_i4179_2,p_i4179_2
p_i4179_3,p_i4179_3
p_i4179_4,p_i4179_4
p_i4201_0,p_i4201_0
p_i4201_1,p_i4201_1
p_i4201_2,p_i4201_2
p_i4201_3,p_i4201_3
p_i4201_4,p_i4201_4
p_i4218_0,p_i4218_0
p_i4218_1,p_i4218_1
p_i4291_0,p_i4291_0
p_i4291_1,p_i4291_1
p_i4291_2,p_i4291_2
p_i4291_3,p_i4291_3
p_i4292_0,p_i4292_0
p_i4292_1,p_i4292_1
p_i4292_2,p_i4292_2
p_i4292_3,p_i4292_3
p_i4292_4,p_i4292_4
p_i4292_5,p_i4292_5
p_i4312_0,p_i4312_0
p_i4312_1,p_i4312_1
p_i4329_0,p_i4329_0
p_i4329_1,p_i4329_1
p_i4329_2,p_i4329_2
p_i4329_3,p_i4329_3
p_i4329_4,p_i4329_4
p_i4329_5,p_i4329_5
p_i4329_6,p_i4329_6
p_i4410_0,p_i4410_0
p_i4410_1,p_i4410_1
p_i4445_0,p_i4445_0
p_i4466_0,p_i4466_0
p_i4466_1,p_i4466_1
p_i4484_0,p_i4484_0
p_i4503_0,p_i4503_0
p_i4503_1,p_i4503_1
p_i4503_2,p_i4503_2
p_i4521_0,p_i4521_0
p_i4521_1,p_i4521_1
p_i4557_0,p_i4557_0
p_i4557_1,p_i4557_1
p_i4619_0,p_i4619_0
p_i4619_1,p_i4619_1
p_i4619_2,p_i4619_2
p_i4619_3,p_i4619_3
p_i4657_0,p_i4657_0
p_i4670_0,p_i4670_0
p_i4670_1,p_i4670_1
p_i4670_2,p_i4670_2
p_i4671_0,p_i4671_0
p_i4671_1,p_i4671_1
p_i4671_2,p_i4671_2
p_i4671_3,p_i4671_3
p_i4727_0,p_i4727_0
p_i4752_0,p_i4752_0
p_i4770_0,p_i4770_0
p_i4806_0,p_i4806_0
p_i4806_1,p_i4806_1
p_i4847_0,p_i4847_0
p_i4848_0,p_i4848_0
p_i4848_1,p_i4848_1
p_i4848_2,p_i4848_2
p_i4848_3,p_i4848_3
p_i4849_0,p_i4849_0
p_i4849_1,p_i4849_1
p_i4862_0,p_i4862_0
p_i4862_1,p_i4862_1
p_i4862_2,p_i4862_2
p_i4942_0,p_i4942_0
p_i4959_0,p_i4959_0
p_i4959_1,p_i4959_1
p_i4959_2,p_i4959_2
p_i4974_0,p_i4974_0
p_i4996_0,p_i4996_0
p_i4996_1,p_i4996_1
p_i5012_0,p_i5012_0
p_i5033_0,p_i5033_0
p_i5033_1,p_i5033_1
p_i5033_2,p_i5033_2
p_i5055_0,p_i5055_0
p_i5073_0,p_i5073_0
p_i5073_1,p_i5073_1
p_i5073_2,p_i5073_2
p_i5092_0,p_i5092_0
p_i5112_0,p_i5112_0
p_i5112_1,p_i5112_1
p_i5112_2,p_i5112_2
p_i5113_0,p_i5113_0
p_i5113_1,p_i5113_1
p_i5128_0,p_i5128_0
p_i5145_0,p_i5145_0
p_i5145_1,p_i5145_1
p_i5169_0,p_i5169_0
p_i5169_1,p_i5169_1
p_i5169_2,p_i5169_2
p_i5169_3,p_i5169_3
p_i5169_4,p_i5169_4
p_i5169_5,p_i5169_5
p_i5169_6,p_i5169_6
p_i5204_0,p_i5204_0
p_i5204_1,p_i5204_1
p_i5204_2,p_i5204_2
p_i5225_0,p_i5225_0
p_i5225_1,p_i5225_1
p_i5241_0,p_i5241_0
p_i5278_0,p_i5278_0
p_i5278_1,p_i5278_1
p_i5300_0,p_i5300_0
p_i5300_1,p_i5300_1
p_i5319_0,p_i5319_0
p_i5319_1,p_i5319_1
p_i5339_0,p_i5339_0
p_i5339_1,p_i5339_1
p_i5360_0,p_i5360_0
p_i5360_1,p_i5360_1
p_i5377_0,p_i5377_0
p_i5397_0,p_i5397_0
p_i5397_1,p_i5397_1
p_i5397_2,p_i5397_2
p_i5397_3,p_i5397_3
p_i5434_0,p_i5434_0
p_i5434_1,p_i5434_1
p_i5434_2,p_i5434_2
p_i5468_0,p_i5468_0
p_i5511_0,p_i5511_0
p_i5511_1,p_i5511_1
p_i5527_0,p_i5527_0
p_i5548_0,p_i5548_0
p_i5548_1,p_i5548_1
p_i5566_0,p_i5566_0
p_i5566_1,p_i5566_1
p_i5566_2,p_i5566_2
p_i5583_0,p_i5583_0
p_i5621_0,p_i5621_0
p_i5621_1,p_i5621_1
p_i5621_2,p_i5621_2
p_i5639_0,p_i5639_0
p_i5639_1,p_i5639_1
p_i5679_0,p_i5679_0
p_i5701_0,p_i5701_0
p_i5701_1,p_i5701_1
p_i5734_0,p_i5734_0
p_i5758_0,p_i5758_0
p_i5758_1,p_i5758_1
p_i5758_2,p_i5758_2
p_i5758_3,p_i5758_3
p_i5758_4,p_i5758_4
p_i5758_5,p_i5758_5
p_i5758_6,p_i5758_6
p_i5776_0,p_i5776_0
p_i5776_1,p_i5776_1
p_i5797_0,p_i5797_0
p_i5797_1,p_i5797_1
p_i5810_0,p_i5810_0
p_i5830_0,p_i5830_0
p_i5868_0,p_i5868_0
p_i5868_1,p_i5868_1
p_i5949_0,p_i5949_0
p_i5949_1,p_i5949_1
p_i5962_0,p_i5962_0
p_i5962_1,p_i5962_1
p_i5962_2,p_i5962_2
p_i5962_3,p_i5962_3
p_i5962_4,p_i5962_4
p_i5988_0,p_i5988_0
p_i5988_1,p_i5988_1
p_i6003_0,p_i6003_0
p_i6003_1,p_i6003_1
p_i6003_2,p_i6003_2
p_i6021_0,p_i6021_0
p_i6060_0,p_i6060_0
p_i6152_0,p_i6152_0
p_i6209_0,p_i6209_0
p_i6209_1,p_i6209_1
p_i6233_0,p_i6233_0
p_i6251_0,p_i6251_0
p_i6291_0,p_i6291_0
p_i6291_1,p_i6291_1
p_i6310_0,p_i6310_0
p_i6323_0,p_i6323_0
p_i6323_1,p_i6323_1
p_i6361_0,p_i6361_0
p_i6361_1,p_i6361_1
p_i6361_2,p_i6361_2
p_i6361_3,p_i6361_3
p_i6361_4,p_i6361_4
p_i6361_5,p_i6361_5
p_i6361_6,p_i6361_6
p_i6361_7,p_i6361_7
p_i6386_0,p_i6386_0
p_i6386_1,p_i6386_1
p_i6404_0,p_i6404_0
p_i6422_0,p_i6422_0
p_i6422_1,p_i6422_1
p_i6441_0,p_i6441_0
p_i6441_1,p_i6441_1
p_i6459_0,p_i6459_0
p_i6459_1,p_i6459_1
p_i6459_2,p_i6459_2
p_i6459_3,p_i6459_3
p_i6477_0,p_i6477_0
p_i6477_1,p_i6477_1
p_i6477_2,p_i6477_2
p_i6477_3,p_i6477_3
p_i6477_4,p_i6477_4
p_i6477_5,p_i6477_5
p_i6477_6,p_i6477_6
p_i6497_0,p_i6497_0
p_i6497_1,p_i6497_1
p_i6497_2,p_i6497_2
p_i6497_3,p_i6497_3
p_i6497_4,p_i6497_4
p_i6498_0,p_i6498_0
p_i6520_0,p_i6520_0
p_i6520_1,p_i6520_1
p_i6520_2,p_i6520_2
p_i6520_3,p_i6520_3
p_i6533_0,p_i6533_0
p_i6534_0,p_i6534_0
p_i6534_1,p_i6534_1
p_i6534_2,p_i6534_2
p_i6534_3,p_i6534_3
p_i6554_0,p_i6554_0
p_i6554_1,p_i6554_1
p_i6554_2,p_i6554_2
p_i6554_3,p_i6554_3
p_i6554_4,p_i6554_4
p_i6554_5,p_i6554_5
p_i6576_0,p_i6576_0
p_i6592_0,p_i6592_0
p_i6631_0,p_i6631_0
p_i6631_1,p_i6631_1
p_i6631_2,p_i6631_2
p_i6666_0,p_i6666_0
p_i6688_0,p_i6688_0
p_i6688_1,p_i6688_1
p_i6725_0,p_i6725_0
p_i6725_1,p_i6725_1
p_i6743_0,p_i6743_0
p_i6743_1,p_i6743_1
p_i6784_0,p_i6784_0
p_i6784_1,p_i6784_1
p_i6802_0,p_i6802_0
p_i6838_0,p_i6838_0
p_i6838_1,p_i6838_1
p_i6856_0,p_i6856_0
p_i6856_1,p_i6856_1
p_i6856_2,p_i6856_2
p_i6857_0,p_i6857_0
p_i6857_1,p_i6857_1
p_i6898_0,p_i6898_0
p_i6898_1,p_i6898_1
p_i6912_0,p_i6912_0
p_i6974_0,p_i6974_0
p_i7046_0,p_i7046_0
p_i7046_1,p_i7046_1
p_i7046_2,p_i7046_2
p_i7070_0,p_i7070_0
p_i7070_1,p_i7070_1
p_i7070_2,p_i7070_2
p_i7104_0,p_i7104_0
p_i7104_1,p_i7104_1
p_i7123_0,p_i7123_0
p_i7123_1,p_i7123_1
p_i7124_0,p_i7124_0
p_i7125_0,p_i7125_0
p_i7125_1,p_i7125_1
p_i7125_2,p_i7125_2
p_i7125_3,p_i7125_3
p_i7146_0,p_i7146_0
p_i7216_0,p_i7216_0
p_i7216_1,p_i7216_1
p_i7256_0,p_i7256_0
p_i7256_1,p_i7256_1
p_i7274_0,p_i7274_0
p_i7274_1,p_i7274_1
p_i7274_2,p_i7274_2
p_i7274_3,p_i7274_3
p_i7274_4,p_i7274_4
p_i7274_5,p_i7274_5
p_i7274_6,p_i7274_6
p_i7315_0,p_i7315_0
p_i7332_0,p_i7332_0
p_i7332_1,p_i7332_1
p_i7332_2,p_i7332_2
p_i7332_3,p_i7332_3
p_i7332_4,p_i7332_4
p_i7332_5,p_i7332_5
p_i7332_6,p_i7332_6
p_i7353_0,p_i7353_0
p_i7353_1,p_i7353_1
p_i7371_0,p_i7371_0
p_i7408_0,p_i7408_0
p_i7408_1,p_i7408_1
p_i7523_0,p_i7523_0
p_i7523_1,p_i7523_1
p_i7523_2,p_i7523_2
p_i7523_3,p_i7523_3
p_i7541_0,p_i7541_0
p_i7541_1,p_i7541_1
p_i7541_2,p_i7541_2
p_i7562_0,p_i7562_0
p_i7562_1,p_i7562_1
p_i7582_0,p_i7582_0
p_i7582_1,p_i7582_1
p_i7582_2,p_i7582_2
p_i7582_3,p_i7582_3
p_i7582_4,p_i7582_4
p_i7582_5,p_i7582_5
p_i7618_0,p_i7618_0
p_i7618_1,p_i7618_1
p_i7654_0,p_i7654_0
p_i7654_1,p_i7654_1
p_i7692_0,p_i7692_0
p_i7711_0,p_i7711_0
p_i7711_1,p_i7711_1
p_i7711_2,p_i7711_2
p_i7749_0,p_i7749_0
p_i7749_1,p_i7749_1
p_i7749_2,p_i7749_2
p_i7749_3,p_i7749_3
p_i7749_4,p_i7749_4
p_i7749_5,p_i7749_5
p_i7749_6,p_i7749_6
p_i7789_0,p_i7789_0
p_i7790_0,p_i7790_0
p_i7790_1,p_i7790_1
p_i7790_2,p_i7790_2
p_i7790_3,p_i7790_3
p_i7790_4,p_i7790_4
p_i7826_0,p_i7826_0
p_i7826_1,p_i7826_1
p_i7844_0,p_i7844_0
p_i7844_1,p_i7844_1
p_i7868_0,p_i7868_0
p_i7868_1,p_i7868_1
p_i7905_0,p_i7905_0
p_i7905_1,p_i7905_1
p_i7905_2,p_i7905_2
p_i7923_0,p_i7923_0
p_i7959_0,p_i7959_0
p_i7981_0,p_i7981_0
p_i7981_1,p_i7981_1
p_i8035_0,p_i8035_0
p_i8055_0,p_i8055_0
p_i8055_1,p_i8055_1
p_i8056_0,p_i8056_0
p_i8056_1,p_i8056_1
p_i8056_2,p_i8056_2
p_i8077_0,p_i8077_0
p_i8092_0,p_i8092_0
p_i8113_0,p_i8113_0
p_i8129_0,p_i8129_0
p_i8129_1,p_i8129_1
p_i8148_0,p_i8148_0
p_i8169_0,p_i8169_0
p_i8191_0,p_i8191_0
p_i8192_0,p_i8192_0
p_i8192_1,p_i8192_1
p_i8192_2,p_i8192_2
p_i8192_3,p_i8192_3
p_i8192_4,p_i8192_4
p_i8209_0,p_i8209_0
p_i8228_0,p_i8228_0
p_i8228_1,p_i8228_1
p_i8228_2,p_i8228_2
p_i8265_0,p_i8265_0
p_i8284_0,p_i8284_0
p_i8284_1,p_i8284_1
p_i8301_0,p_i8301_0
p_i8301_1,p_i8301_1
p_i8301_2,p_i8301_2
p_i8301_3,p_i8301_3
p_i8301_4,p_i8301_4
p_i8324_0,p_i8324_0
p_i8357_0,p_i8357_0
p_i8357_1,p_i8357_1
p_i8357_2,p_i8357_2
p_i8357_3,p_i8357_3
p_i8357_4,p_i8357_4
p_i8378_0,p_i8378_0
p_i8378_1,p_i8378_1
p_i8378_2,p_i8378_2
p_i8396_0,p_i8396_0
p_i8396_1,p_i8396_1
p_i8396_2,p_i8396_2
p_i8396_3,p_i8396_3
p_i8396_4,p_i8396_4
p_i8396_5,p_i8396_5
p_i8415_0,p_i8415_0
p_i8435_0,p_i8435_0
p_i8435_1,p_i8435_1
p_i8435_2,p_i8435_2
p_i8435_3,p_i8435_3
p_i8456_0,p_i8456_0
p_i8456_1,p_i8456_1
p_i8474_0,p_i8474_0
p_i8474_1,p_i8474_1
p_i8509_0,p_i8509_0
p_i8509_1,p_i8509_1
p_i8509_2,p_i8509_2
p_i8532_0,p_i8532_0
p_i8533_0,p_i8533_0
p_i8550_0,p_i8550_0
p_i8590_0,p_i8590_0
p_i8590_1,p_i8590_1
p_i8590_2,p_i8590_2
p_i8590_3,p_i8590_3
p_i8609_0,p_i8609_0
p_i8628_0,p_i8628_0
p_i8647_0,p_i8647_0
p_i8683_0,p_i8683_0
p_i8720_0,p_i8720_0
p_i8720_1,p_i8720_1
p_i8720_2,p_i8720_2
p_i8720_3,p_i8720_3
p_i8759_0,p_i8759_0
p_i8759_1,p_i8759_1
p_i8797_0,p_i8797_0
p_i8812_0,p_i8812_0
p_i8812_1,p_i8812_1
p_i8812_2,p_i8812_2
p_i8812_3,p_i8812_3
p_i8833_0,p_i8833_0
p_i8856_0,p_i8856_0
p_i8869_0,p_i8869_0
p_i8869_1,p_i8869_1
p_i8892_0,p_i8892_0
p_i8892_1,p_i8892_1
p_i8908_0,p_i8908_0
p_i8908_1,p_i8908_1
p_i8928_0,p_i8928_0
p_i8928_1,p_i8928_1
p_i8928_2,p_i8928_2
p_i8928_3,p_i8928_3
p_i8928_4,p_i8928_4
p_i8929_0,p_i8929_0
p_i8929_1,p_i8929_1
p_i8929_2,p_i8929_2
p_i8929_3,p_i8929_3
p_i8948_0,p_i8948_0
p_i8983_0,p_i8983_0
p_i8983_1,p_i8983_1
p_i9024_0,p_i9024_0
p_i9024_1,p_i9024_1
p_i9024_2,p_i9024_2
p_i9024_3,p_i9024_3
p_i9043_0,p_i9043_0
p_i9064_0,p_i9064_0
p_i9064_1,p_i9064_1
p_i9064_2,p_i9064_2
p_i9064_3,p_i9064_3
p_i9064_4,p_i9064_4
p_i9064_5,p_i9064_5
p_i9064_6,p_i9064_6
p_i9101_0,p_i9101_0
p_i9101_1,p_i9101_1
p_i9101_2,p_i9101_2
p_i9119_0,p_i9119_0
p_i9119_1,p_i9119_1
p_i9140_0,p_i9140_0
p_i9176_0,p_i9176_0
p_i9192_0,p_i9192_0
p_i9213_0,p_i9213_0
p_i9213_1,p_i9213_1
p_i9233_0,p_i9233_0
p_i9233_1,p_i9233_1
p_i9233_2,p_i9233_2
p_i9233_3,p_i9233_3
p_i9255_0,p_i9255_0
p_i9255_1,p_i9255_1
p_i9255_2,p_i9255_2
p_i9268_0,p_i9268_0
p_i9310_0,p_i9310_0
p_i9310_1,p_i9310_1
p_i9351_0,p_i9351_0
p_i9352_0,p_i9352_0
p_i9352_1,p_i9352_1
p_i9352_2,p_i9352_2
p_i9352_3,p_i9352_3
p_i9352_4,p_i9352_4
p_i9366_0,p_i9366_0
p_i9426_0,p_i9426_0
p_i9426_1,p_i9426_1
p_i9442_0,p_i9442_0
p_i9464_0,p_i9464_0
p_i9464_1,p_i9464_1
p_i9478_0,p_i9478_0
p_i9478_1,p_i9478_1
p_i9516_0,p_i9516_0
p_i9516_1,p_i9516_1
p_i9535_0,p_i9535_0
p_i9535_1,p_i9535_1
p_i9535_2,p_i9535_2
p_i9535_3,p_i9535_3
p_i9554_0,p_i9554_0
p_i9554_1,p_i9554_1
p_i9578_0,p_i9578_0
p_i9578_1,p_i9578_1
p_i9578_2,p_i9578_2
p_i9578_3,p_i9578_3
p_i9578_4,p_i9578_4
p_i9613_0,p_i9613_0
p_i9613_1,p_i9613_1
p_i9633_0,p_i9633_0
p_i9633_1,p_i9633_1
p_i9633_2,p_i9633_2
p_i9653_0,p_i9653_0
p_i9653_1,p_i9653_1
p_i9668_0,p_i9668_0
p_i9668_1,p_i9668_1
p_i9668_2,p_i9668_2
p_i9692_0,p_i9692_0
p_keyPressed_0,e
p_keyReleased_0,e
p_keyTyped_0,e
p_mouseClicked_0,e
p_mouseDragged_0,e
p_mouseEntered_0,e
p_mouseExited_0,e
p_mouseMoved_0,e
p_mousePressed_0,e
p_mouseReleased_0,e
p_paint_0,g
p_read_0,b
p_read_1,off
p_read_2,len
p_update_0,g
p_windowClosing_0,e
